-- --------------------------------------------------------
-- Hôte:                         127.0.0.1
-- Version du serveur:           10.6.11-MariaDB-0ubuntu0.22.04.1 - Ubuntu 22.04
-- SE du serveur:                debian-linux-gnu
-- HeidiSQL Version:             12.1.0.6537
-- --------------------------------------------------------

/*!40101 SET @OLD_CHARACTER_SET_CLIENT=@@CHARACTER_SET_CLIENT */;
/*!40101 SET NAMES utf8 */;
/*!50503 SET NAMES utf8mb4 */;
/*!40103 SET @OLD_TIME_ZONE=@@TIME_ZONE */;
/*!40103 SET TIME_ZONE='+00:00' */;
/*!40014 SET @OLD_FOREIGN_KEY_CHECKS=@@FOREIGN_KEY_CHECKS, FOREIGN_KEY_CHECKS=0 */;
/*!40101 SET @OLD_SQL_MODE=@@SQL_MODE, SQL_MODE='NO_AUTO_VALUE_ON_ZERO' */;
/*!40111 SET @OLD_SQL_NOTES=@@SQL_NOTES, SQL_NOTES=0 */;

-- Listage des données de la table MUSE.address : ~5 rows (environ)
INSERT INTO `address` (`id`, `user_id`, `name`, `country`, `zipcode`, `city`, `path_type`, `path_number`, `billing_address`, `delivery_address`) VALUES
	(1, 4, 'Bureau', 'France', '60210', 'Grandvilliers', 'Rue du Poulet', '12', 1, 1),
	(2, 5, 'Domicile', 'France', '60210', 'Daméraucourt', 'Avenue de la Plèbe', '21', 1, 1),
	(3, 6, 'Bureau', 'France', '80000', 'Amiens', 'impasse', 'admin', NULL, NULL),
	(6, 9, 'Domicile', 'admin', '67000', 'Amiens', 'rue de la Strasse', 'qsdfqsdf', NULL, NULL),
	(7, 9, 'Livraison', 'France', '68000', 'Colmar', 'rue de la Kneppfle', '32', 1, 1),
	(9, 9, 'Livraison', 'France', '68000', 'Colmar', 'rue de la Kneppfle', '32', 1, 1);

-- Listage des données de la table MUSE.cart : ~23 rows (environ)
INSERT INTO `cart` (`id`, `user_id`, `billing_address_id`, `delivery_address_id`, `client_order_id`, `validated`, `order_date`, `shipped`, `shipment_date`, `carrier`, `carrier_shipment_id`, `total`, `additional_discount_rate`, `invoice`, `coupon_id`) VALUES
	(1, 1, NULL, NULL, 'MUSE::63807EDC0CB50', 0, NULL, 0, NULL, NULL, NULL, NULL, 0.000, NULL, NULL),
	(2, 4, 1, 1, 'MUSE::638113B285855', 1, '2022-11-25 19:15:15', 0, NULL, NULL, NULL, 44627.00, 0.000, 'INVOICE-MUSE::638113B285855.pdf', NULL),
	(3, 4, 1, 1, 'MUSE::6381144F77A74', 1, '2022-11-26 12:22:38', 0, NULL, NULL, NULL, 7430.39, 0.000, 'INVOICE-MUSE::6381144F77A74.pdf', NULL),
	(4, 5, 2, 2, 'MUSE::6381154008A40', 1, '2022-11-25 19:21:44', 0, NULL, NULL, NULL, 1401.90, 0.000, 'INVOICE-MUSE::6381154008A40.pdf', NULL),
	(5, 5, 2, 2, 'MUSE::638115D17D613', 1, '2022-11-26 12:20:03', 0, NULL, NULL, NULL, 9622.80, 0.000, 'INVOICE-MUSE::638115D17D613.pdf', NULL),
	(6, 5, 2, 2, 'MUSE::6382047C8F147', 1, '2022-11-27 10:47:40', 0, NULL, NULL, NULL, 1486.42, 0.000, 'INVOICE-MUSE::6382047C8F147.pdf', NULL),
	(7, 4, 1, 1, 'MUSE::638205FC73298', 1, '2022-11-27 10:53:36', 0, NULL, NULL, NULL, 1234.28, 0.000, 'INVOICE-MUSE::638205FC73298.pdf', NULL),
	(8, 5, 2, 2, 'MUSE::6384649B52E7F', 1, '2022-11-30 09:34:17', 0, NULL, NULL, NULL, 7645.26, 0.000, 'INVOICE-MUSE::6384649B52E7F.pdf', NULL),
	(9, 5, 2, 2, 'MUSE::6387239A79421', 1, '2022-12-07 09:01:31', 0, NULL, NULL, NULL, 1055.04, 0.150, 'INVOICE-MUSE::6387239A79421.pdf', NULL),
	(10, 6, NULL, NULL, 'MUSE::638733F5B5C1A', 0, NULL, 0, NULL, NULL, NULL, NULL, 0.000, NULL, NULL),
	(12, 2, NULL, NULL, 'MUSE::63874060E3358', 0, NULL, 0, NULL, NULL, NULL, NULL, 0.000, NULL, NULL),
	(13, 3, NULL, NULL, 'MUSE::6387409FC1BC3', 0, NULL, 0, NULL, NULL, NULL, NULL, 0.000, NULL, NULL),
	(14, 4, 1, 1, 'MUSE::638740F0360C3', 1, '2022-12-01 09:01:45', 0, NULL, NULL, NULL, 1148.46, 0.000, 'INVOICE-MUSE::638740F0360C3.pdf', NULL),
	(15, 4, 1, 1, 'MUSE::63886E7F0A4AE', 1, '2022-12-01 09:06:21', 0, NULL, NULL, NULL, 482.90, 0.000, 'INVOICE-MUSE::63886E7F0A4AE.pdf', NULL),
	(16, 4, 1, 1, 'MUSE::63886E904B5D0', 1, '2022-12-01 13:35:31', 0, NULL, NULL, NULL, 1148.46, 0.000, 'INVOICE-MUSE::63886E904B5D0.pdf', NULL),
	(18, 4, 1, 1, 'MUSE::6388AF0B8EE34', 1, '2022-12-08 08:47:37', 0, NULL, NULL, NULL, 1148.46, 0.000, 'INVOICE-MUSE::6388AF0B8EE34.pdf', NULL),
	(19, 9, 7, 7, 'MUSE::6388CCCE92728', 1, '2022-12-01 15:50:46', 0, NULL, NULL, NULL, 2292.96, 0.000, 'INVOICE-MUSE::6388CCCE92728.pdf', NULL),
	(20, 9, 9, 9, 'MUSE::6388CD57F0A1B', 1, '2022-12-06 14:09:29', 0, NULL, NULL, NULL, 3200.46, 0.050, 'INVOICE-MUSE::6388CD57F0A1B.pdf', NULL),
	(22, 9, NULL, NULL, 'MUSE::638F4D1AC6D9E', 0, NULL, 0, NULL, NULL, NULL, NULL, 0.000, NULL, NULL),
	(23, 5, 2, 2, 'MUSE::6390566C42974', 1, '2022-12-16 08:31:22', 0, NULL, NULL, NULL, 707.88, 0.150, 'INVOICE-MUSE::6390566C42974.pdf', 9),
	(24, 4, 1, 1, 'MUSE::6391A4B462D3E', 0, NULL, 0, NULL, NULL, NULL, NULL, 0.000, NULL, NULL),
	(25, 5, 2, 2, 'MUSE::639C2CDB57326', 1, '2023-01-10 08:48:24', 0, NULL, NULL, NULL, 1252.86, 0.000, 'INVOICE-MUSE::639C2CDB57326.pdf', NULL),
	(26, 5, NULL, NULL, 'MUSE::63BD265A061B8', 0, NULL, 0, NULL, NULL, NULL, NULL, 0.000, NULL, NULL);

-- Listage des données de la table MUSE.category : ~0 rows (environ)
INSERT INTO `category` (`id`, `parent_category_id`, `name`, `image`) VALUES
	(1, NULL, 'Guitares', 'Guitares.jpg'),
	(2, 1, 'Guitares Electriques', 'Guitares Electriques.jpg'),
	(3, 1, 'Guitares accoustiques', 'Guitares accoustiques.jpg'),
	(4, NULL, 'Guitares basses', 'Guitares basses.jpg'),
	(5, 4, 'Basses accoustiques', 'Basses accoustiques.jpg'),
	(6, 4, 'Basses électriques', 'Basses électriques.jpg'),
	(7, NULL, 'Batteries & Percussions', 'Batteries & Percussions.jpg'),
	(8, 7, 'Batteries', 'Batteries.jpg'),
	(9, 7, 'Percussions', 'Percussions.jpg'),
	(10, NULL, 'Pianos & Claviers', 'Pianos & Claviers.jpg'),
	(11, 10, 'Claviers', 'Claviers.jpg'),
	(12, 10, 'Pianos', 'Pianos.jpg'),
	(13, NULL, 'Instruments à vent', 'Instruments à vent.jpg'),
	(14, NULL, 'Instruments trad.', 'Instruments trad..jpg'),
	(15, NULL, 'Matériel DJ', 'Matériel DJ.jpg'),
	(16, NULL, 'Microphones', 'Microphones.jpg'),
	(17, NULL, 'Sonorisation', 'Sonorisation.jpg'),
	(18, NULL, 'Accessoires', 'Accessoires.jpg'),
	(19, NULL, 'Autres instruments', 'Autres instruments.jpg');

-- Listage des données de la table MUSE.contact : ~0 rows (environ)

-- Listage des données de la table MUSE.coupon : ~4 rows (environ)
INSERT INTO `coupon` (`id`, `code`, `discount_rate`, `validated`) VALUES
	(3, 'MU$€15', 0.150, 1),
	(8, 'MU$€5%', 0.050, 1),
	(9, 'MU$€15%', 0.150, 1),
	(10, 'MU$€20%', 0.200, 1);


-- Listage des données de la table MUSE.order_details : ~37 rows (environ)
INSERT INTO `order_details` (`id`, `product_id`, `cart_id`, `quantity`, `sub_total`) VALUES
	(1, 27, 2, 10, 748),
	(2, 14, 2, 1, 43879),
	(3, 24, 4, 1, 916.98),
	(4, 40, 4, 1, 484.92),
	(5, 47, 5, 1, 9598.8),
	(6, 58, 5, 5, 24),
	(7, 38, 3, 1, 1507.88),
	(8, 37, 3, 1, 5478),
	(9, 40, 3, 1, 444.51),
	(10, 88, 6, 1, 900),
	(11, 58, 6, 1, 4.8),
	(12, 59, 6, 1, 9.6),
	(13, 60, 6, 1, 7.056),
	(14, 61, 6, 1, 11.76),
	(15, 62, 6, 1, 2.4),
	(16, 63, 6, 1, 6),
	(17, 89, 6, 1, 544.8),
	(18, 50, 7, 1, 103.455),
	(19, 84, 7, 1, 1130.822),
	(20, 1, 8, 3, 1249.2),
	(21, 2, 8, 1, 1252.86),
	(22, 3, 8, 1, 718.8),
	(23, 5, 8, 3, 4424.4),
	(24, 2, 14, 1, 1148.455),
	(25, 6, 15, 1, 482.9),
	(26, 2, 16, 1, 1148.455),
	(30, 5, 19, 1, 1474.8),
	(31, 9, 19, 1, 799.2),
	(32, 58, 19, 1, 4.8),
	(33, 62, 19, 1, 2.4),
	(34, 61, 19, 1, 11.76),
	(35, 2, 9, 1, 1252.86),
	(36, 2, 20, 1, 1252.86),
	(37, 38, 20, 1, 1644.96),
	(38, 40, 20, 1, 484.92),
	(39, 23, 1, 1, 2629),
	(40, 1, 23, 2, 791.16),
	(41, 2, 18, 1, 1148.455),
	(42, 3, 24, 1, 658.9),
	(43, 82, 1, 1, 1175.9),
	(44, 2, 25, 1, 1252.86);

-- Listage des données de la table MUSE.product : ~0 rows (environ)
INSERT INTO `product` (`id`, `supplier_id`, `category_id`, `name`, `price`, `description`, `content`, `discount`, `discount_rate`, `quantity`, `image`, `image1`, `image2`) VALUES
	(1, 1, 6, 'Ignition Cavern SE', 347, '4 cordes - Table en épicéa - Fond et éclisses en érable flammé - Manche 1 pièce en érable - Touche en jatoba - Filets de table et de fond blancs - Diapason: 760 mm (30") - Largeur au sillet: 42 mm - 22 frettes - 2 micros double bobinage Höfner', 'Conditionnement (UVC) - 1 Pièce(s) - Couleur Sunburst - Corps Erable - Manche Erable - Touche Jatoba - Frettes 22 - Diapason Short scale - Micros HH - Electronique Passif - Étui inclus Non - Housse incluse Non', 0, 0.000, 15, 'Ignition Cavern SE.jpg', 'Ignition Cavern SE-1.jpg', 'Ignition Cavern SE-2.jpg'),
	(2, 2, 6, 'BTB846-CBL2', 1099, '6 cordes Série BTB Corps en frêne avec ailes en okoumé Table en peuplier veiné Manche traversant en érable/noyer Touche en palissandre Diapason: 889 mm (35") Rayon de la touche: 950 mm (37,4") Largeur au sillet: 54 mm (2,13") 24 frettes Medium en acier in', 'Conditionnement (UVC)\r\n1 Pièce(s)\r\nForme\r\nBTB\r\nCouleur\r\nBleu\r\nCorps\r\nFrêne, okoumé\r\nManche\r\nErable, noyer\r\nTouche\r\nPalissandre\r\nFrettes\r\n24\r\nDiapason\r\nExtra long scale\r\nMicros\r\nHH\r\nÉlectronique\r\nActive\r\nÉtui inclus\r\nNon\r\nHousse incluse\r\nNon', 0, 0.050, 28, 'BTB846-CBL.jpg', 'BTB846-CBL-1.jpg', 'BTB846-CBL-2.jpg'),
	(3, 3, 6, 'V3 TS 2nd Gen', 599, '5 cordes Fabriquée par Sire Corps en aulne Manche 1 pièce en érable Profil du manche en C Touche en ébène Rayon de la touche: 241 mm Diapason: 34" (Long Scale) 20 frettes Medium Small Espacement entre 2 cordes: 18 mm Largeur au sillet: 46 mm Sillet en os', 'Conditionnement (UVC)\r\n1 Pièce(s)\r\nCouleur\r\nSunburst\r\nCorps\r\nAulne\r\nManche\r\nErable\r\nTouche\r\nEbène\r\nFrettes\r\n20\r\nDiapason\r\nLong scale\r\nMicros\r\nJJ\r\nÉlectronique\r\nActive, passive\r\nÉtui inclu\r\nNon\r\nHousse incluse\r\nNon', 0, 0.000, 26, 'V3 TS 2nd Gen.jpg', 'V3 TS 2nd Gen-1.jpg', 'V3 TS 2nd Gen-2.jpg'),
	(4, 4, 6, 'John Petrucci Majesty 7 SM', 7333, '7 cordes Modèle signature John Petrucci Corps en acajou Table en érable marbré Manche traversant en acajou/érable flammé Touche en érable flammé 24 frettes Medium Jumbo en acier inoxydable Diapason: 648 mm (25,5") Rayon de la touche: 17"', 'Conditionnement (UVC)\r\n1 Pièce(s)\r\nCouleur\r\nSpiced Melange\r\nCorps\r\nAcajou\r\nTable d\'harmonie\r\nErable\r\nManche\r\nAcajou\r\nTouche\r\nErable\r\nFrettes\r\n24\r\nDiapason\r\n648 mm\r\nMicros\r\nHH, Piezo\r\nVibrato\r\nMusic Man\r\nHousse incluse\r\nNon\r\nÉtui inclus\r\nOui', 0, 0.000, 12, 'John Petrucci Majesty 7 SM.jpg', 'John Petrucci Majesty 7 SM-1.jpg', 'John Petrucci Majesty 7 SM-2.jpg'),
	(5, 5, 6, 'AL Bootsy Collins Spacebass', 1229, '4 cordes Signature Bootsy Collins Corps en acajou Manche vissé en érable Touche en wenge Rayon de la touche: 508 mm 24 frettes Long Scale Micros actifs MEC J/TJ Electronique active MEC 2 bandes 1 réglage de volume (Push/Pull pour EQ Bypass)', 'Conditionnement (UVC)\r\n1 Pièce(s)\r\nSignature\r\nBootsy Collins\r\nCouleur\r\nPourpre\r\nCorps\r\nAcajou\r\nTable\r\nAucune\r\nManche\r\nErable\r\nTouche\r\nWenge\r\nFrettes\r\n24\r\nDiapason\r\nLong Scale\r\nPickups\r\nJJJ\r\nElectronique\r\nActif\r\nEtui inclu\r\nNon\r\nHousse inclue\r\nOui', 0, 0.000, 3, 'AL Bootsy Collins Spacebass.jpg', 'AL Bootsy Collins Spacebass-1.jpg', 'AL Bootsy Collins Spacebass-2.jpg'),
	(6, 6, 9, '793X Galaxy Giovanni Bongo Set', 439, 'Série Galaxy Giovanni Diamètres: 7 1/4" + 8 5/8" Hauteur: 17 cm Fûts en frêne nord-américain Premium Accastillage doré Cercles Comfort Curved II 4 tirants Peaux naturelles sélectionnées à la main Accastillage doré Couleur: Naturel', 'Conditionnement (UVC)\r\n1 Pièce(s)\r\nMatériau\r\nFrêne\r\nCouleur\r\nNaturel\r\nTaille du petit bongo\r\n7,25"\r\nTaille du gros bongo\r\n8,625"', 0, 0.000, 19, '793X Galaxy Giovanni Bongo Set.jpg', '793X Galaxy Giovanni Bongo Set-1.jpg', '793X Galaxy Giovanni Bongo Set-2.jpg'),
	(7, 7, 8, 'Focus Junior Drum Set Black', 179, 'Série Focus Convient aux enfants de 4 à 7 ans Grosse caisse 16"x10" Tom 08"x05" Tom 10"x06" Stand tom 13"x11" Caisse claire en bois 12"x05" Finition: Rhodoïd Couleur: Noir Paire de baguettes incl. Coussin atténuateur d\'harmoniques pour grosse caisse incl.', 'Conditionnement (UVC)\r\n1 Pièce(s)\r\nTaille de la grosse caisse\r\n16"\r\nNombre de toms\r\n2\r\nNombre de stand toms\r\n1\r\nMatériau des fûts\r\nPeuplier\r\nFinition des fûts\r\nRhodoïd\r\nCouleur des fûts\r\nNoir\r\nPailleté\r\nNon\r\nDégradé\r\nNon\r\nBurst\r\nNon\r\nFinition de l\'accastillage\r\nChrome\r\nAvec caisse claire\r\nOui\r\nCymbales incl.\r\nOui\r\nHardware incl.\r\nOui\r\nSiège incl.\r\nOui', 0, 0.000, 6, 'Focus Junior Drum Set Black.jpg', 'Focus Junior Drum Set Black-1.jpg', 'Focus Junior Drum Set Black-2.jpg'),
	(8, 7, 9, 'MC890NT Conga Set', 298, 'Set de congas 10"+11" En bois Finition: Vernis Couleur: Naturel/ambre 2 supports simples incl. Housses Millenium', 'Conditionnement (UVC)\r\n1 Pièce(s)\r\nSupport incl.\r\nOui\r\nMatériau\r\nEucalyptus\r\nCouleur\r\nNaturel\r\nTailles\r\n10", 11"\r\nVariante\r\nMillenium', 0, 0.000, 16, 'MC890NT Conga Set.jpg', 'MC890NT Conga Set-1.jpg', 'MC890NT Conga Set-2.jpg'),
	(9, 7, 8, 'MPS-850 E-Drum Set', 666, '550 sons 30 kits prédéfinis 20 kits utilisateur 100 morceaux 2 morceaux utilisateur Enregistrement rapide Métronome EQ par kit Pitch Réverbération Compresseur 6 faders pour ajuster le volume individuel des pads, du métronome et des chansons 2 sorties Main', 'Conditionnement (UVC)\r\n1 Pièce(s)\r\nRack inclus\r\nOui\r\nSiège inclus\r\nNon\r\nPédale grosse caisse incluse\r\nOui\r\nCasque inclus\r\nNon\r\nPeaux maillées\r\nOui\r\nPads double zone\r\nOui\r\nNombre de sorties directes\r\n0', 0, 0.000, 21, 'MPS-850 E-Drum Set.jpg', 'MPS-850 E-Drum Set-1.jpg', 'MPS-850 E-Drum Set-2.jpg'),
	(10, 8, 8, 'Export EXL725SBR Indigo Night', 959, 'EXL725SBR/C219 Grosse caisse 22"x18" Tom 10"x07" Tom 12"x08" Stand tom 16"x16" Caisse claire 14"x5,5" Fûts en acajou asiatique/peuplier Accastillage chromé Peaux Remo UT Peau de résonance de la grosse caisse avec évent de décompression Coussin atténuateur', 'Conditionnement (UVC)\r\n1 Pièce(s)\r\nTaille de la grosse caisse\r\n22"\r\nNombre de toms\r\n2\r\nNombre de stand toms\r\n1\r\nMatériau des fûts\r\nAcajou, peuplier\r\nFinition des fûts\r\nVernis mat\r\nCouleur des fûts\r\nBleu\r\nPailleté\r\nNon\r\nDégradé\r\nNon\r\nBurst\r\nNon\r\nFinition de l\'accastillage\r\nChrome\r\nAvec caisse claire\r\nOui\r\nCymbales incl.\r\nOui\r\nHardware incl.\r\nOui\r\nSiège incl.\r\nNon', 0, 0.100, 15, 'Export EXL725SBR Indigo Night.jpg', 'Export EXL725SBR Indigo Night-1.jpg', 'Export EXL725SBR Indigo Night-2.jpg'),
	(11, 9, 8, 'AQ1 Stage Set Piano Black', 1469, 'Série AQ1 Grosse caisse 22"x17,5" avec attache pour support de toms Tom 10"x07" Tom 12"x08" Stand tom 16"x15" Caisse claire 14"x06" Fûts 100% bouleau Accastillage chromé Système de suspension SmartMount Support double de toms incl. Couleur: Piano Black (P', 'Conditionnement (UVC)\r\n1 Pièce(s)\r\nTaille de la grosse caisse\r\n22"\r\nNombre de toms\r\n2\r\nNombre de stand toms\r\n1\r\nMatériau des fûts\r\nBouleau\r\nFinition des fûts\r\nVernis haute brillance\r\nCouleur des fûts\r\nNoir\r\nPailleté\r\nNon\r\nDégradé\r\nNon\r\nBurst\r\nNon\r\nFinition de l\'accastillage\r\nChrome\r\nAvec caisse claire\r\nOui\r\nCymbales incl.\r\nNon\r\nHardware incl.\r\nOui\r\nSiège incl.\r\nNon', 0, 0.000, 20, 'AQ1 Stage Set Piano Black.jpg', 'AQ1 Stage Set Piano Black-1.jpg', 'AQ1 Stage Set Piano Black-2.jpg'),
	(12, 10, 9, '7" Color Sound Djembe Set', 319, 'Couleurs: Rouge, orange, jaune, vert, bleu, indigo, violet Diamètres: 7" Hauteurs: 12" Fûts en matière plastique Peaux en matière plastique Très léger Idéal pour l\'éveil musical, les jardins d\'enfants et les groupes de musique pour enfants', 'Conditionnement (UVC)\r\n1 Pièce(s)\r\nTension de la peau par corde\r\nOui\r\nDiamètre en cm\r\n18 cm\r\nHauteur en cm\r\n30 cm\r\nMatériau\r\nMatière plastique', 0, 0.000, 35, '7" Color Sound Djembe Set.jpg', '7" Color Sound Djembe Set-1.jpg', '7" Color Sound Djembe Set-2.jpg'),
	(13, 11, 11, 'Nord Electro 6 HP Bundle', 2699, 'Piano de scène/synthétiseur 73 touches Mécanique à marteaux "Nord Hammer Action Portable" Fonctions Split et Layer sur les trois sections 6 points de Split avec indication LED Bibliothèque Nord Piano de 1 GB Bibliothèque Nord Sample de 512 MB', 'Conditionnement (UVC)\r\n1 Pièce(s)\r\nNombre de touches\r\n73\r\nToucher lourd\r\nOui\r\nNombre de notes de polyphonie\r\n120\r\nNombre de sons\r\n8\r\nEffets\r\nOui\r\nHaut-parleurs\r\nNon\r\nNombre de sorties casque\r\n1\r\nSéquenceur\r\nNon\r\nMétronome\r\nNon\r\nFonction clavier maître\r\nOui\r\nPitch bend\r\nNon\r\nMolette de modulation\r\nNon\r\nNombre de zones splittables\r\n3\r\nMulti-couches\r\nOui\r\nInterface MIDI\r\n1 entrée, 1 sortie', 0, 0.000, 25, 'Nord Electro 6 HP Bundle.jpg', 'Nord Electro 6 HP Bundle-1.jpg', 'Nord Electro 6 HP Bundle-2.jpg'),
	(14, 12, 11, 'Unico 500 Konkav', 39890, '56 voix d\'orgue et 7 voix orchestrales 3 claviers de 61 touches avec échappement breveté Styles: 4 préréglés et 4 utilisateurs Amplificateur 6 x 60 Watt + 1 x 100 Watt Système d\'amplification à 7 canaux 13 haut-parleurs 3 pédales d\'expression en bois Entr', 'Conditionnement (UVC)\r\n1 Pièce(s)\r\nFinition\r\nChêne clair\r\nForme des pédales\r\n32 pédales concaves', 0, 0.000, 4, 'Unico 500 Konkav.jpg', 'Unico 500 Konkav-1.jpg', 'Unico 500 Konkav-2.jpg'),
	(15, 13, 12, 'D C6 X EN Pro Black Polished', 65990, '88 touches 3 pédales (pédale centrale pour maintien de la tonalité) Longueur: 212 cm Largeur: 154 cm Hauteur: 102 cm Poids: 433 kg Finition: Noir poli Banc et casque incl.', 'Conditionnement (UVC)\r\n1 Pièce(s)', 0, 0.000, 2, 'D C6 X EN Pro Black Polished.jpg', 'D C6 X EN Pro Black Polished-1.jpg', 'D C6 X EN Pro Black Polished-2.jpg'),
	(16, 13, 11, 'PSR-SX900', 2098, '61 touches sensibles à la vélocité Nouveau clavier FSB 1337 sons + 56 kits de batterie/SFX + 480 voix XG 525 styles Polyphonie 128 voix Parties du clavier jusqu\'à Right Part3 Boutons, joystick et contrôleur Live assignables Fonctions Chord Looper', 'Conditionnement (UVC)\r\n1 Pièce(s)\r\nNombre de touches\r\n61\r\nTouches lumineuses\r\nNon\r\nSensible à la vélocité\r\nOui\r\nAftertouch\r\nNon\r\nMédia de sauvegarde\r\nUSB to Device, USB to Host\r\nAffichage des paroles\r\nOui\r\nAffichage de la partition\r\nOui\r\nHarmonie vocale\r\nOui\r\nEnregistreur audio USB\r\nOui\r\nInterface MIDI\r\n1 x In, 1 x Out\r\nEntrée microphone\r\nOui\r\nPort USB\r\nOui', 0, 0.000, 16, 'PSR-SX900.jpg', 'PSR-SX900-1.jpg', 'PSR-SX900-2.jpg'),
	(17, 13, 12, 'U1 Q PWH', 9990, '88 touches 3 pédales Hauteur: 121 cm Largeur: 153 cm Profondeur: 61 cm Poids: 228 kg Finition: Blanc poli haute brillance Banc et lampe incl.', 'Conditionnement (UVC)\r\n1 Pièce(s)\r\nFonction Silencieux\r\nNon\r\nCouleur / finition de la surface\r\nBlanc poli\r\nHauteur\r\n1210 mm', 0, 0.000, 18, 'U1 Q PWH.jpg', 'U1 Q PWH-1.jpg', 'U1 Q PWH-2.jpg'),
	(18, 14, 3, 'GK Pro Negra', 1666, 'Pan coupé Table en épicéa européen massif Fond et éclisses en palissandre indien massif Manche en acajou Touche en ébène Diapason: 650 mm Largeur au sillet: 50 mm 19 frettes Sillets de tête et de chevalet en os Mécaniques dorées Cordoba Premium', 'Conditionnement (UVC)\r\n1 Pièce(s)\r\nPan coupé\r\nOui\r\nTable\r\nEpicéa\r\nFond et éclisses\r\nPalissandre\r\nMicro\r\nOui\r\nTouche\r\nEbène\r\nLargeur au sillet en mm\r\n50 mm\r\nDiapason\r\n650 mm\r\nCouleur\r\nNaturel\r\nEtui rigide\r\nOui\r\nHousse\r\nNon', 0, 0.000, 75, 'GK Pro Negra.jpg', 'GK Pro Negra-1.jpg', 'GK Pro Negra-2.jpg'),
	(19, 15, 3, 'Celebrity Elite CE44C-4A-G', 499, 'Electro-acoustique Pan coupé Cordes en nylon Corps Mid-Depth Bowl en Lyrachord Table en cèdre massif Barrage en X optimisé Multi-rosaces Manche en acajou Profil du manche: C arrondi Nouvel angle de tête Nouvelle transition manche/tête', 'Conditionnement (UVC)\r\n1 Pièce(s)\r\nCouleur\r\nNaturel\r\nTable\r\nCèdre massif\r\nFond et éclisses\r\nLyrachord\r\nTouche\r\nOvangkol\r\nLargeur au sillet en mm\r\n48,00 mm\r\nDiapason\r\n650 mm\r\nPan coupé\r\nOui\r\nMicro\r\nOui\r\nEtui rigide ou housse\r\nNon', 0, 0.050, 95, 'Celebrity Elite CE44C-4A-G.jpg', 'Celebrity Elite CE44C-4A-G-1.jpg', 'Celebrity Elite CE44C-4A-G-2.jpg'),
	(20, 16, 3, 'RM-140-NT Hot Club Solid D', 399, 'Grande Bouche - Pan coupé Table en épicéa de Sitka massif teinté Barrage en échelle Fond et éclisses en sapele Manche en Khaya Touche en pau ferro Repères "points" en nacre blanche de 5 mm Repères "points latéraux" en nacre blanche de 2 mm', 'Conditionnement (UVC)\r\n1 Pièce(s)\r\nFormat\r\nStyle Gypsy\r\nTable d\'harmonie\r\nEpicéa massif\r\nDos et éclisses\r\nSapele\r\nPan coupé\r\nOui\r\nTouche\r\nPau Ferro\r\nLargeur au sillet en mm\r\n43,60 mm\r\nFrettes\r\n20\r\nMicro\r\nNon\r\nCouleur\r\nNaturel\r\nÉtui\r\nNon\r\nHousse incl.\r\nNon', 0, 0.000, 150, 'RM-140-NT Hot Club Solid D.jpg', 'RM-140-NT Hot Club Solid D-1.jpg', 'RM-140-NT Hot Club Solid D-2.jpg'),
	(21, 16, 3, 'RM-150-NT Hot Club Solid O', 499, 'Petite Bouche Pan coupé Table en épicéa de Sitka massif teinté Barrage en échelle Fond et éclisses en sapele Manche en Khaya Touche en pau ferro Repères "points" en nacre blanche de 5 mm Repères "points latéraux" en nacre blanche de 2 mm', 'Conditionnement (UVC)\r\n1 Pièce(s)\r\nFormat\r\nStyle Gypsy\r\nTable d\'harmonie\r\nEpicéa massif\r\nDos et éclisses\r\nSapele\r\nPan coupé\r\nOui\r\nTouche\r\nPau Ferro\r\nLargeur au sillet en mm\r\n43,60 mm\r\nFrettes\r\n20\r\nMicro\r\nNon\r\nCouleur\r\nNaturel\r\nÉtui\r\nNon\r\nHousse incl.\r\nNon', 0, 0.000, 160, 'RM-150-NT Hot Club Solid O.jpg', 'RM-150-NT Hot Club Solid O-1.jpg', 'RM-150-NT Hot Club Solid O-2.jpg'),
	(22, 13, 2, 'SLG200NW NA', 799, 'Cordes en nylon Corps en acajou Eclisses en érable/palissandre Manche en acajou Touche en ébène Chevalet en palissandre 19 frettes Diapason: 650 mm Largeur au sillet: 52 mm Espacement des cordes: 11,5 mm Micro piézo SRT', 'Conditionnement (UVC)\r\n1 Pièce(s)\r\nCouleur\r\nNaturel\r\nTable\r\nAucune\r\nFond et éclisses\r\nAucun\r\nTouche\r\nEbène\r\nLargeur au sillet en mm\r\n52,00 mm\r\nDiapason\r\n650 mm\r\nPan coupé\r\nOui\r\nMicro\r\nOui\r\nEtui rigide ou housse\r\nOui', 0, 0.000, NULL, 'SLG200NW NA.jpg', 'SLG200NW NA-1.jpg', 'SLG200NW NA-2.jpg'),
	(23, 17, 2, 'Les Paul Standard 50s HCS', 2390, 'Corps en acajou Table en érable Manche en acajou Touche en palissandre Repères trapézoïdes Profil du manche: Vintage 50s Filets de corps et de touche couleur crème Sillet Graph Tech Largeur au sillet: 43 mm Diapason: 628 mm 22 frettes Medium', 'Conditionnement (UVC)\r\n1 Pièce(s)\r\nCouleur\r\nCherry Sunburst\r\nCorps\r\nAcajou\r\nTable\r\nErable\r\nManche\r\nAcajou\r\nTouche\r\nPalissandre\r\nFrettes\r\n22\r\nDiapason\r\n628 mm\r\nMicros\r\nHH\r\nVibrato\r\nNon\r\nÉtui inclus\r\nOui\r\nHousse incluse\r\nNon', 0, 0.000, 54, 'Les Paul Standard 50s HCS.jpg', 'Les Paul Standard 50s HCS-1.jpg', 'Les Paul Standard 50s HCS-2.jpg'),
	(24, 18, 2, 'G100CE BK', 899, 'Synchromatic Table bombée en épicéa Corps en érable Largeur du corps: env. 406,4 mm Profondeur du corps: 69,85 mm Manche 3 pièces en érable Touche en palissandre 20 frettes Diapason: 648 mm Largeur au sillet: 43 mm 1 micro simple bobinage Gretsch', 'Conditionnement (UVC)\r\n1 Pièce(s)\r\nCouleur\r\nNoir\r\nCorps\r\nErable\r\nTable\r\nEpicéa\r\nManche\r\nErable\r\nTouche\r\nPalissandre\r\nFrettes\r\n20\r\nDiapason\r\n648 mm\r\nMicros\r\nH\r\nVibrato\r\nNon\r\nEtui inclus\r\nNon\r\nHousse incluse\r\nNon', 0, 0.150, 39, 'G100CE BK.jpg', 'G100CE BK-1.jpg', 'G100CE BK-2.jpg'),
	(25, 19, 2, 'DC-Custom 612 Cherry', 548, '12 et 6 cordes Série Custom Line Corps en acajou Manches collés en acajou Profil des manches en C Touches en jatoba torréfié Repères trapézoïdes Rayon des touches: 350 mm Filets de manches et de têtes Incrustation des têtes rhombes', 'Conditionnement (UVC)\r\n1 Pièce(s)\r\nCouleur\r\nRouge\r\nCorps\r\nAcajou\r\nManche\r\nAcajou\r\nTouche\r\nJatoba\r\nFrettes\r\n22\r\nDiapason\r\n628 mm\r\nMicros\r\nHH, HH\r\nVibrato\r\nNon\r\nÉtui inclus\r\nOui\r\nHousse incluse\r\nNon', 0, 0.000, 218, 'DC-Custom 612 Cherry.jpg', 'DC-Custom 612 Cherry-1.jpg', 'DC-Custom 612 Cherry-2.jpg'),
	(26, 20, 13, 'MAT24 Tenor Horn', 4777, 'Série MeisterArt 4 palettes avec transition souple Perce conique: 14 - 15,5 mm Rotules 3B 3ème palette ergonomique guidé vers le haut 4ème palette légèrement courbée dans le corps Coude conique Coulisse d\'accord inversée Diamètre du pavillon: 270 mm En la', 'Conditionnement (UVC)\r\n1 Pièce(s)\r\nNombre de pistons\r\n4\r\nMatériau du pavillon\r\nLaiton doré\r\nFinition\r\nVernis clair\r\nEtui rigide ou housse\r\nOui', 0, 0.000, 45, 'MAT24 Tenor Horn.jpg', 'MAT24 Tenor Horn-1.jpg', 'MAT24 Tenor Horn-2.jpg'),
	(27, 21, 13, '12-H Ocarina C3 Signature AC', 68, 'Modèle C3 Tonalité: Do majeur Registre: Alto Tessiture: La1 - Fa3 En céramique Système asiatique Longueur: 160 mm Poids: env. 250 g Couleur: Noir/marron Méthode d\'ocarina de 72 pages, sacoche et bandoulière incl.', 'Conditionnement (UVC)\r\n1 Pièce(s)\r\nMatériau\r\nCéramique\r\nNombre de trous\r\n12\r\nPartitions\r\nOui', 0, 0.000, 536, '12-H Ocarina C3 Signature AC.jpg', '12-H Ocarina C3 Signature AC-1.jpg', '12-H Ocarina C3 Signature AC-2.jpg'),
	(28, 22, 13, 'CL-18A A-Clarinet Boehm', 849, 'Système Boehm 18 clés 5 anneaux Levier de Mib En grenadille Repose-pouce réglable avec anneau pour sangle Mécanique argentée 2 barils Accessoires incl.: Bec Ligature Protège pouce BG Ecouvillon Thomann Deluxe Chiffon microfibre Protège bec', 'Conditionnement (UVC)\r\n1 Pièce(s)\r\nClés\r\n18\r\nNombre d´anneaux\r\n5\r\nNombre de trilles\r\n4\r\nNombre de barillets\r\n2\r\nCorps\r\nGrenadier\r\nMatériau du pavillon\r\nGrenadille\r\nTexture des clés\r\nPlaqué argent\r\nType de clés\r\nStandard\r\nBec inclus\r\nOui\r\nEtui rigide / housse incl.\r\nOui', 0, 0.000, 160, 'CL-18A A-Clarinet Boehm.jpg', 'CL-18A A-Clarinet Boehm-1.jpg', 'CL-18A A-Clarinet Boehm-2.jpg'),
	(29, 22, 13, 'Didgeridoo Teak 130cm painted', 49, 'En teck Longueur: 130 cm Sonorité similaire à un instrument en eucalyptus', 'Conditionnement (UVC)\r\n1 Pièce(s)\r\nMatériau\r\nTeck\r\nLongueur\r\n120 cm – 140 cm\r\nFinition\r\nGraphismes', 0, 0.000, 322, 'Didgeridoo Teak 130cm painted.jpg', 'Didgeridoo Teak 130cm painted-1.jpg', 'Didgeridoo Teak 130cm painted-2.jpg'),
	(30, 22, 13, 'Mc Big Bagpipes Cocus L', 198, 'Modèle large Bois de Cocus Finition polie Eléments couleur ivoire Sac synthétique 28" x 12" Accessoires et anches incl.', 'Conditionnement (UVC)\r\n1 Pièce(s)', 0, 0.050, 463, 'Mc Big Bagpipes Cocus L.jpg', 'Mc Big Bagpipes Cocus L-1.jpg', 'Mc Big Bagpipes Cocus L-2.jpg'),
	(31, 22, 13, 'TR-901S Piccolo Trumpet', 459, '4 pistons Périnet Finition: Plaqué argent 2 branches d\'embouchure: Sib et La Embouchure 7C et étui souple incl.', 'Conditionnement (UVC)\r\n1 Pièce(s)\r\nPavillon\r\n11,68 mm\r\nMatériau du pavillon\r\nLaiton\r\nType de pistons\r\nPerinet\r\nMatériau de la branche d\'embouchure\r\nLaiton\r\nFinition\r\nPlaqué argent\r\nEmbouchure incluse\r\nOui\r\nEtui rigide / housse incl.\r\nOui', 0, 0.000, 122, 'TR-901S Piccolo Trumpet.jpg', 'TR-901S Piccolo Trumpet-1.jpg', 'TR-901S Piccolo Trumpet-2.jpg'),
	(32, 13, 13, 'YBS-480 Baritone Saxophone', 6295, 'Descend jusqu\'au La grave Finition vernis doré Perce verticale Le design du bocal en S a été adopté à partir du YBS-62II Le pavillon court facilite l\'intonation des notes graves Livré avec étui et bocal', 'Conditionnement (UVC)\r\n1 Pièce(s)\r\nFinition du corps\r\nVernis doré\r\nFinition du clétage\r\nVernis doré\r\nCorps\r\nLaiton\r\nClé de La grave\r\nOui\r\nClé de Fa# aigu\r\nOui\r\nBec\r\nOui\r\nChiffon\r\nNon\r\nSangle de saxophone\r\nNon\r\nPiquet\r\nNon\r\nÉtui avec roulettes\r\nNon', 0, 0.000, 18, 'YBS-480 Baritone Saxophone.jpg', 'YBS-480 Baritone Saxophone-1.jpg', 'YBS-480 Baritone Saxophone-2.jpg'),
	(33, 13, 13, 'YSL-448 GE II Trombone', 1219, 'Perce: 13,34 mm Pavillon en laiton doré: 241,4 mm Finition: Vernis Coulisse en maillechort Etui rigide et embouchure 48 incl.', 'Conditionnement (UVC)\r\n1 Pièce(s)\r\nPavillon\r\nLaiton doré\r\nMatériau des coulisses extérieures\r\nMaillechort\r\nEtui rigide ou housse\r\nOui\r\nPerce\r\n13,34 mm\r\nFinition\r\nVernis clair', 0, 0.000, 48, 'YSL-448 GE II Trombone.jpg', 'YSL-448 GE II Trombone-1.jpg', 'YSL-448 GE II Trombone-2.jpg'),
	(34, 23, 14, 'Novita 3.0 UA Elec. Violin BK', 749, '4 cordes Design fonctionnel Dimensions de base identiques à un violon classique Finition: Vernis mat Structure du bois apparente Manche en érable massif Volute élaborée Chevilles d\'accordage fin Wittner Mentonnière Wittner Zurich', 'Conditionnement (UVC)\r\n1 Pièce(s)\r\nNombre de cordes\r\n4\r\nTouche\r\nEbène\r\nCorps\r\nBois\r\nChevilles\r\nMétal/plastique\r\nMentonnière\r\nMatière plastique\r\nManche\r\nErable\r\nHousse incluse\r\nNon\r\nÉtui inclus\r\nNon\r\nArchet inclus\r\nNon\r\nCoussin\r\nNon\r\n4 mécaniques précises incluses\r\nNon', 0, 0.000, 365, 'Novita 3.0 UA Elec. Violin BK.jpg', 'Novita 3.0 UA Elec. Violin BK-1.jpg', 'Novita 3.0 UA Elec. Violin BK-2.jpg'),
	(35, 24, 14, 'NXT4a-DB-BK Electric Bass', 1985, '4 cordes Corps en érable Manche en érable Touche en Richlite Chevalet réglable en hauteur Barre de tension (Truss Rod) réglable Sortie active Dual Mode Système de micro Polar Modes Arco et Pizzicato commutables Contrôles: Volume et tonalité Couleur: Noir', 'Conditionnement (UVC)\r\n1 Pièce(s)\r\nTaille\r\n3/4\r\nTouche\r\nEbène\r\nÉlectronique\r\nActive\r\nChevalet réglable en hauteur\r\nOui\r\nHousse incluse\r\nOui\r\nÉtui inclus\r\nNon\r\nArchet inclus\r\nNon\r\nSupport incl.\r\nOui\r\nPiquet inclus\r\nNon', 0, 0.000, 68, 'NXT4a-DB-BK Electric Bass.jpg', 'NXT4a-DB-BK Electric Bass-1.jpg', 'NXT4a-DB-BK Electric Bass-2.jpg'),
	(36, 25, 14, 'SALTIT-MSS Titan Mahogany', 2790, '38 cordes Tessiture: Do1 - Do6 Cordes en Silkgut Hauteur: 1500 mm Largeur: 780 mm Poids: 12,5 kg Couleur: Acajou Clé d\'accordage et housse de protection incl.', 'Conditionnement (UVC)\r\n1 Pièce(s)\r\nAccordage\r\nDo1 - La6\r\nDimensions\r\n1500 x 780 mm\r\nIncl. housse\r\nNon', 0, 0.000, 84, 'SALTIT-MSS Titan Mahogany.jpg', 'SALTIT-MSS Titan Mahogany-1.jpg', 'SALTIT-MSS Titan Mahogany-2.jpg'),
	(37, 26, 14, 'Vilagio Double Bass Ceruti IB', 4980, 'Forme de violon selon Giovanni Battista Ceruti Fabriquée dans l\'atelier de maître de Ioan Bucur Table en épicéa massif Fond bombé en érable magnifiquement flammé Eclisses en érable magnifiquement flammé Touche en ébène Diapason: 1045 mm', 'Conditionnement (UVC)\r\n1 Pièce(s)\r\nTaille\r\n3/4\r\nTable\r\nEpicéa\r\nDos\r\nErable massif bombé\r\nTouche\r\nEbène\r\nMécaniques\r\nMécanique simple\r\nHousse incluse\r\nNon\r\nArchet inclus\r\nNon\r\nChevalet réglable en hauteur\r\nNon', 0, 0.000, 79, 'Vilagio Double Bass Ceruti IB.jpg', 'Vilagio Double Bass Ceruti IB-1.jpg', 'Vilagio Double Bass Ceruti IB-2.jpg'),
	(38, 26, 14, 'Vilagio Gothic Hurdy Gurdy', 1490, '1 1/2 octave Chromatique Table en épicéa Fond, éclisses et structure en érable 1 corde de mélodie 2 bourdons Corde de mélodie en Sol ou Fa Fabriquée en Europe', 'Conditionnement (UVC)\r\n1 Pièce(s)', 0, 0.080, 74, 'Vilagio Gothic Hurdy Gurdy.jpg', 'Vilagio Gothic Hurdy Gurdy-1.jpg', 'Vilagio Gothic Hurdy Gurdy-2.jpg'),
	(39, 26, 14, 'Vilagio R.O. Stradivari Superieur Solo', 9666, 'Modèle d\'après Stradivari Construit par Ryszard Osowski dans le meilleur savoir-faire de l\'atelier de Haute-Franconie, en Allemagne Bois de lutherie stockés pendant de nombreuses années sélectionnés dans les meilleures régions de Bavière', 'Conditionnement (UVC)\r\n1 Pièce(s)\r\nArcher inclus\r\nNon\r\nÉtui inclus\r\nNon\r\nTouche\r\nEbène\r\nFabriqué sans bois tropicaux\r\nNon\r\nDos flammé\r\nOui\r\nCordes\r\nThomastik Rondo\r\nCordier avec vis d\'accordage fin\r\nNon\r\nAccordage fin pour corde de Mi\r\nOui', 0, 0.000, 19, 'Vilagio R.O. Stradivari Superieur Solo.jpg', 'Vilagio R.O. Stradivari Superieur Solo-1.jpg', 'Vilagio R.O. Stradivari Superieur Solo-2.jpg'),
	(40, 22, 14, 'Gothic Black Cello', 449, 'Table, fond et éclisses en tilleul laminé Manche en érable Touche en bois dur Chevilles en bois Cordier avec vis d\'accordage fin Pique réglable en hauteur Cordes Jargar Classic Medium Couleur: Noir Housse rembourrée, archet en composite et colophane incl.', 'Conditionnement (UVC)\r\n1 Pièce(s)\r\nTouche\r\nBois dur\r\nTable massive\r\nNon\r\nDos flammé\r\nNon\r\nIncl. housse\r\nOui\r\nIncl. étui/coffret\r\nNon\r\nArchet inclus\r\nOui\r\nVersion gaucher\r\nNon', 0, 0.100, 76, 'Gothic Black Cello.jpg', 'Gothic Black Cello-1.jpg', 'Gothic Black Cello-2.jpg'),
	(41, 22, 14, 'Lute Guitar Standard Walnut', 498, 'Fabriquée en Europe Diapason: 650 mm Cordes en nylon Galli LG40 Table en épicéa massif Corps en noyer Manche en acacia Chevalet en acacia traité thermiquement Touche en acacia teinté noir Tête en chêne foncé', 'Conditionnement (UVC)\r\n1 Pièce(s)\r\nCouleur\r\nNaturel\r\nTable\r\nEpicéa\r\nFond et éclisses\r\nNoyer\r\nTouche\r\nAcacia\r\nLargeur au sillet en mm\r\n5,00 mm\r\nDiapason\r\n650 mm\r\nPan coupé\r\nNon\r\nMicro\r\nNon\r\nEtui rigide ou housse\r\nOui', 0, 0.050, 167, 'Lute Guitar Standard Walnut.jpg', 'Lute Guitar Standard Walnut-1.jpg', 'Lute Guitar Standard Walnut-2.jpg'),
	(42, 22, 14, 'Nataraj Sitar Student', 398, 'Style Ravi Shankar 7 cordes mélodiques 11 cordes sympathiques 20 frettes 2 accordages fins à l\'extrémité inférieure Diapason: env. 855 mm 2 accordages fins à l\'extrémité supérieure Ornements de qualité Résonateur dévissable au niveau de la tête Longueur t', 'Conditionnement (UVC)\r\n1 Pièce(s)', 0, 0.080, NULL, 'Nataraj Sitar Student.jpg', 'Nataraj Sitar Student-1.jpg', 'Nataraj Sitar Student-2.jpg'),
	(43, 13, 14, 'SVC 110 Silent Cello', 2690, 'Taille 4/4 Diapason: 695 mm Manche en érable Touche et chevilles en ébène 4 vis d\'accordage fin Cordes D\'Addario Helicore Transducteur piézo Réverbération intégrée Entrée Aux sur mini Jack 3,5 mm Sortie ligne sur Jack 6,3 mm Câble mini Jack stéréo 3,5 mm', 'Conditionnement (UVC)\r\n1 Pièce(s)\r\nHousse incluse\r\nOui\r\nÉtui inclus\r\nNon\r\nArchet inclus\r\nNon\r\n4 mécaniques précises\r\nOui\r\nSupport incl.\r\nNon\r\nPiquet inclus\r\nOui', 0, 0.000, 64, 'SVC 110 Silent Cello.jpg', 'SVC 110 Silent Cello-1.jpg', 'SVC 110 Silent Cello-2.jpg'),
	(44, 27, 15, 'DJ Learning Kit', 198, 'Contrôleur DJ Control Inpulse 200 avec interface audio USB intégrée :  Commandes par platine : molettes Jogwheel (90 mm) Touché Vinyl Feeling avec reconnaissance de pression 4 pads avec 4 modes (Hot-Cue, Roll, FX, Sampler)', 'Conditionnement (UVC)\r\n1 Pièce(s)', 0, 0.000, 182, 'DJ Learning Kit.jpg', 'DJ Learning Kit-1.jpg', 'DJ Learning Kit-2.jpg'),
	(45, 28, 15, '201-USB Play Bundle', 584, 'the t.mix 201-USB Play Fun Generation PL 15 Sub A Fun Generation Speaker Stand Pair 2 pièce Fun Generation PL 108 A 2 pièce pro snake TPA 1003 FR 2 pièce the sssnake SM10BK 2 pièce the sssnake SM6BK', 'Conditionnement (UVC)\r\n1 Pièce(s)\r\nCanaux ligne\r\n2\r\nEntrée Phone\r\n2\r\nEntrée microphone\r\n1\r\nEntrée interface audio\r\n0\r\nSortie interface audio\r\n0\r\nSortie Rec\r\nRCA (Cinch)\r\nSortie Master\r\nXLR\r\nSend/Return\r\nNein\r\nRackable/kit de montage en rack 19"\r\nNon\r\nTalk-Over\r\nOui\r\nEffets\r\nNon\r\nLargeur\r\n310 mm\r\nProfondeur\r\n235 mm\r\nHauteur\r\n115 mm', 0, 0.000, 32, '201-USB Play Bundle.jpg', '201-USB Play Bundle-1.jpg', '201-USB Play Bundle-2.jpg'),
	(46, 29, 16, 'BCM 104', 999, 'Spécialement conçu pour la parole/diffusion Protection intégrée contre les claquements et les bruits de structure Récepteur à gradient de pression Directivité: Cardioïde Réponse en fréquence: 20 - 20000 Hz', 'Conditionnement (UVC)\r\n1 Pièce(s)\r\nÀ lampe\r\nNon\r\nPlusieurs directivités\r\nNon\r\nOmni-directionnel\r\nNon\r\nDirectivité cardioïde\r\nOui\r\nBi-directionnel\r\nNon\r\nCoupe-Bas\r\nNon\r\nPad\r\nNon\r\nSuspension type araignée incl.\r\nNon\r\nMicrophone USB\r\nNon', 0, 0.000, 22, 'BCM 104.jpg', 'BCM 104-1.jpg', 'BCM 104-2.jpg'),
	(47, 29, 16, 'KU100', 7999, '2x capsules intégrées au niveau des oreilles Nécessite une alimentation Phantom +48V, une alimentation externe ou via batterie intégrée Commutateur d\'alimentation sous le micro, ainsi qu\'une sortie symétrique XLR ou BNC Pad atténuateur -10 dB Filtre coupe', 'Conditionnement (UVC)\r\n1 Pièce(s)\r\nAlimentation par piles\r\nOui', 0, 0.000, 15, 'KU100.jpg', 'KU100-1.jpg', 'KU100-2.jpg'),
	(48, 30, 16, 'NT1-A Complete Vocal Recording', 177, 'Microphone large membrane Rode NT1-A Suspension élastique deluxe SM6 avec filtre anti-pop en tissu intégré Câble XLR de 6 m Sac de protection contre la poussière Données techniques NT1-A :  Microphone large membrane de 1 pouce Diagramme polaire : cardioïd', 'Conditionnement (UVC)\r\n1 Pièce(s)\r\nÀ lampe\r\nNon\r\nPlusieurs directivités\r\nNon\r\nOmni-directionnel\r\nNon\r\nDirectivité cardioïde\r\nOui\r\nBi-directionnel\r\nNon\r\nCoupe-Bas\r\nNon\r\nPad\r\nNon\r\nSuspension type araignée incl.\r\nOui\r\nMicrophone USB\r\nNon', 0, 0.000, 188, 'NT1-A Complete Vocal Recording.jpg', 'NT1-A Complete Vocal Recording-1.jpg', 'NT1-A Complete Vocal Recording-2.jpg'),
	(49, 31, 16, 'E 945', 189, 'Egalement utilisable pour la prise de son de cuivres Version sans interrupteur marche/arrêt Directivité: Supercardioïde Réponse en fréquence: 40 - 18.000 Hz Impédance: 350 Ohm Sensibilité: 2.0 mV/Pa à 1KHz', 'Conditionnement (UVC)\r\n1 Pièce(s)\r\nInterrupteur\r\nNon\r\nCaractéristique\r\nSupercardioide\r\nCouleur\r\nNoir bleu\r\nCâble\r\nNon', 0, 0.000, 88, 'E 945.jpg', 'E 945-1.jpg', 'E 945-2.jpg'),
	(50, 32, 16, 'SM58 LC', 99, 'Version sans interrupteur marche/arrêt Directivité: Cardioïde Réponse en fréquence: 50 - 15.000 Hz Sensibilité: -56 dBV/Pa (1,85 mV) Dimensions: 23 x 162 x 51 mm Poids: 298 g Pince, adaptateur de réduction de pas de vis 3/8" et trousse incl.', 'Interrupteur\r\nNon\r\nCaractéristique\r\nCardioide\r\nCouleur\r\nNoir\r\nCâble\r\nNon', 0, 0.050, 568, 'SM58 LC.jpg', 'SM58 LC-1.jpg', 'SM58 LC-2.jpg'),
	(51, 32, 16, 'SM 7 B', 377, 'Directivité: cardioïde Réponse en fréquence: 50 Hz - 20 kHz Sensibilité: -59,0 dB (1,12 mV) Filtre coupe bas Rehausseur de médiums Impédance : 150 Ohm Blindage interférence électromagnétique Pince micro fixe avec pas de vis', 'Conditionnement (UVC)\r\n1 Pièce(s)\r\nÀ lampe\r\nNon\r\nPlusieurs directivités\r\nNon\r\nOmni-directionnel\r\nNon\r\nDirectivité cardioïde\r\nOui\r\nBi-directionnel\r\nNon\r\nCoupe-Bas\r\nOui\r\nPad\r\nNon\r\nSuspension type araignée incl.\r\nNon\r\nMicrophone USB\r\nNon', 0, 0.000, 57, 'SM 7 B.jpg', 'SM 7 B-1.jpg', 'SM 7 B-2.jpg'),
	(52, 33, 17, 'F1 Complete Bundle', 4899, 'Caisson de basses Puissance: 1000 W 2x haut-parleurs de 10" avec une haute excursion de cône Design compact et léger avec poignée de chariot intégrée Montage pour haut-parleurs intégré F1 Model.812 Dimensions: 688 x 410 x 449 mm Poids: 24,9 kg', 'Conditionnement (UVC)\r\n1 Pièce(s)\r\nChassis plastique\r\nOui\r\nSystème satellite\r\nNon\r\nMixer inclus\r\nNon\r\nPieds incl.\r\nNon\r\nTweeter 1" et plus\r\nOui\r\nHP Médium du satellite\r\n1 x 12"\r\nComposition de l\'enceinte\r\n2 x 10"', 0, 0.000, 36, 'F1 Complete Bundle.jpg', 'F1 Complete Bundle-1.jpg', 'F1 Complete Bundle-2.jpg'),
	(53, 34, 17, 'Curv 500 PS Bundle', 2245, 'LD Systems Curv 500 Cable 3 2 pièce LD Systems Curv 500 Sat Bag 2 pièce LD Systems Curv 500 PC LD Systems Curv 500 PS', 'Conditionnement (UVC)\r\n1 Pièce(s)\r\nChassis plastique\r\nOui\r\nSystème satellite\r\nOui\r\nMixer inclus\r\nNon\r\nPieds incl.\r\nOui\r\nTweeter 1" et plus\r\nOui\r\nHP Médium du satellite\r\n1 x 4"\r\nComposition de l\'enceinte\r\n1 x 10"', 0, 0.200, 43, 'Curv 500 PS Bundle.jpg', 'Curv 500 PS Bundle-1.jpg', 'Curv 500 PS Bundle-2.jpg'),
	(54, 22, 17, 'Band Bundle M', 1444, 'Millenium BS-2211B MKII Set 2 pièce Behringer Eurolive VS1520 2 pièce Behringer Eurolive VS1220F Behringer Xenyx X2222USB the t.amp TSA 4-700 4 pièce the sssnake SLP21510 2 pièce the sssnake MXP1015', 'Conditionnement (UVC)\r\n1 Pièce(s)\r\nChassis plastique\r\nNon\r\nMixer amplifiée inclus\r\nNon\r\nAmpli inclus\r\nOui\r\nPieds incl.\r\nOui\r\nTweeter 1" et plus\r\nOui\r\nTaille du HP médium du satellite\r\n1 x 15"', 0, 0.000, 12, 'Band Bundle M.jpg', 'Band Bundle M-1.jpg', 'Band Bundle M-2.jpg'),
	(55, 35, 5, 'TB10', 2588, '4 cordes Jumbo Pan coupé Table bombée en épicéa de Sitka Fond bombé et éclisses en érable flammé Manche en érable Touche en ébène Diapason: 864 mm Sillet en os Largeur au sillet: 46,35 mm Préamplificateur CTP-2 Cool Tube', 'Conditionnement (UVC)\r\n1 Pièce(s)\r\nCordes\r\n4\r\nVersion gaucher\r\nNon\r\nCouleur\r\nRouge\r\nTable\r\nEpicéa\r\nDos et éclisses\r\nErable\r\nManche\r\nÉrable\r\nTouche\r\nEbène\r\nMicros\r\nOui\r\nÉtui inclus\r\nOui\r\nHousse incluse\r\nNon', 0, 0.000, 38, 'TB10.jpg', 'TB10-1.jpg', 'TB10-2.jpg'),
	(56, 5, 5, 'Alien Deluxe 6 NT', 1599, '6 cordes Série RockBass Table en épicéa de Sitka AA massif Fond et éclisses en noyer Manche collé en acajou Touche en wenge Rayon de la touche: 47" Diapason: 34" (Long Scale) Largeur au sillet: 52 mm Sillet Just-A-Nut III en Tedur', 'Conditionnement (UVC)\r\n1 Pièce(s)\r\nCouleur\r\nNaturel\r\nTable\r\nEpicéa, Massif\r\nFond et éclisses\r\nNoyer\r\nManche\r\nAcajou\r\nTouche\r\nWenge\r\nFrettes\r\n24\r\nDiapason\r\n864 cm\r\nLargeur du manche\r\n52 mm\r\nSystème de micro\r\nOui\r\nEtui inclus\r\nNon\r\nHousse incluse\r\nOui', 0, 0.000, 84, 'Alien Deluxe 6 NT.jpg', 'Alien Deluxe 6 NT-1.jpg', 'Alien Deluxe 6 NT-2.jpg'),
	(57, 5, 5, 'RB Star Bass 5 SCWHP', 1049, '5 cordes Table, fond et éclisses en érable Manche 4 pièces collé en érable laminé avec bandes en placage d\'ekanga Touche en wenge 21 frettes Extra High Jumbo en maillechort Diapason: 864 mm (Long Scale) Largeur au sillet: 45 mm', 'Conditionnement (UVC)\r\n1 Pièce(s)\r\nCouleur\r\nBlanc\r\nCorps\r\nErable\r\nManche\r\nErable, ekanga\r\nTouche\r\nWenge\r\nFrettes\r\n21\r\nDiapason\r\nLong scale\r\nMicros\r\nSS\r\nElectronique\r\nPassive\r\nEtui inclu\r\nNon\r\nHousse incluse\r\nNon', 0, 0.000, 95, 'RB Star Bass 5 SCWHP.jpg', 'RB Star Bass 5 SCWHP-1.jpg', 'RB Star Bass 5 SCWHP-2.jpg'),
	(58, 36, 18, 'IPP1030', 4, 'Longueur: 3 m Jack 6,3 mm - Jack 6,3 mm Section de câble: 0,22 mm² / AWG 24 Diamètre extérieur: 6 mm Couleur: Noir', 'Conditionnement (UVC)\r\n1 Pièce(s)\r\nCouleur\r\nNoir\r\nLongueur\r\n3,00 m\r\nDe la connectique\r\nJack TS 6,3 mm mâle\r\nVers la connectique\r\nJack TS 6,3 mm mâle', 0, 0.000, 1247, 'IPP1030.jpg', 'IPP1030-1.jpg', 'IPP1030-2.jpg'),
	(59, 7, 18, 'GS-2001 E', 8, 'Support robuste pour guitare électrique Poids: 1,3 kg Couleur: Noir', 'Conditionnement (UVC)\r\n1 Pièce(s)\r\nMatériau\r\nMétal\r\nType\r\nSupport 1 instrument\r\nCompatible avec\r\nGuitare électrique\r\nPour guitares avec laque nitro\r\nNon', 0, 0.000, 76, 'GS-2001 E.jpg', 'GS-2001 E-1.jpg', 'GS-2001 E-2.jpg'),
	(60, 37, 18, 'Regular Slinky 2221', 6, 'Pour guitare électrique Regular Slinky Tirants: 010 - 013 - 017 - 026 - 036 - 046 Acier plaqué nickel', 'Tirant des cordes\r\n010 - 046\r\nTirant max. - Tirant des cordes de\r\n0,010" – 0,046"\r\nMatériau\r\nAcier nickelé\r\nCorde de sol filetée\r\nNon', 0, 0.020, 839, 'Regular Slinky 2221.jpg', 'Regular Slinky 2221-1.jpg', 'Regular Slinky 2221-2.jpg'),
	(61, 38, 18, 'Fast Fret', 10, 'Lubrifiant/nettoyant Pour cordes et touche de guitare et basse Sans silicone Elimine la saleté/crasse accumulée Prolonge la durée de vie de toutes les cordes Lubrifie les cordes pour un jeu rapide Réduit le bruit des doigts', 'Set\r\nOui\r\nHuile\r\nNon\r\nPolissage\r\nNon\r\nNettoyant\r\nNon\r\nNettoyant cordes\r\nOui\r\nChiffon\r\nOui\r\nCire\r\nNon', 0, 0.020, 729, 'Fast Fret.jpg', 'Fast Fret-1.jpg', 'Fast Fret-2.jpg'),
	(62, 19, 18, 'Nylon Player Pick Set Mixed', 2, 'Set de 12 médiators d\'epaisseurs différentes En nylon Contenu du set:  2 x 0,58 mm 2 x 0,71 mm 2 x 0,81 mm 2 x 0,96 mm 2 x 1,2 mm 2 x 1,5 mm', 'Conditionnement (UVC)\r\n1 Pièce(s)\r\nDureté - Epaisseur\r\nVariable\r\nQuantité\r\n12', 0, 0.000, 2682, 'Nylon Player Pick Set Mixed.jpg', 'Nylon Player Pick Set Mixed-1.jpg', 'Nylon Player Pick Set Mixed-2.jpg'),
	(63, 22, 18, 'CTG-10 Clip Tuner', 5, 'Accordeur chromatique à pince Pour guitares et basses Accordage via capteur de vibration Grand écran deux couleurs pivotant (360°) Pile CR2032 incl.', 'Conditionnement (UVC)\r\n1 Pièce(s)\r\nChromatique\r\nOui\r\nÉcran\r\nLCD\r\nMicro intégré\r\nNon\r\nMétronome intégré\r\nNon\r\nConnectique pour alimentation\r\nNon\r\nType de construction\r\nClip', 0, 0.000, 890, 'CTG-10 Clip Tuner.jpg', 'CTG-10 Clip Tuner-1.jpg', 'CTG-10 Clip Tuner-2.jpg'),
	(64, 39, 2, 'SG Standard \'61 Vintage Cherry', 444, 'Collection "Inspired by Gibson" Corps en acajou Manche en acajou Profil du manche: Slim Taper Touche en laurier indien Repères trapézoïdes 22 frettes Diapason: 629 mm (24,75") Largeur au sillet: 43 mm (1,693") 1 micro double bobinage', 'Conditionnement (UVC)\r\n1 Pièce(s)\r\nCouleur\r\nCherry\r\nCorps\r\nAcajou\r\nTable\r\nAcajou\r\nManche\r\nAcajou\r\nTouche\r\nLaurier indien\r\nFrettes\r\n22\r\nDiapason\r\n629 mm\r\nMicros\r\nHH\r\nVibrato\r\nNon\r\nEtui inclus\r\nNon\r\nHousse incluse\r\nNon', 0, 0.000, 45, 'SG Standard \'61 Vintage Cherry.jpg', 'SG Standard \'61 Vintage Cherry-1.jpg', 'SG Standard \'61 Vintage Cherry-2.jpg'),
	(65, 19, 2, 'TE-52 NA Vintage Series', 158, 'Série Vintage Corps en frêne américain Manche Vintage vissé en érable canadien caramélisé avec bande en Roseacer Profil du manche en C Touche Vintage en érable canadien caramélisé Rayon de la touche: 305 mm Repères "points" 21 frettes', 'Conditionnement (UVC)\r\n1 Pièce(s)\r\nCouleur\r\nNaturel\r\nMicros\r\nSS\r\nTouche\r\nErable canadien caramélisé\r\nVibrato\r\nNon\r\nCorps\r\nFrêne\r\nTable d\'harmonie\r\nAucune\r\nManche\r\nErable canadien caramélisé\r\nFrettes\r\n21\r\nDiapason\r\n648 mm\r\nÉtui inclus\r\nNon\r\nHousse incluse\r\nNon', 0, 0.000, 145, 'TE-52 NA Vintage Series.jpg', 'TE-52 NA Vintage Series-1.jpg', 'TE-52 NA Vintage Series-2.jpg'),
	(66, 40, 2, 'E-II FRX BLKS', 2799, 'Corps en aulne Manche traversant 3 pièces en érable Touche en ébène Diapason: 648 mm 24 frettes Extra Jumbo Rayon de la touche: 305 mm 1 micro double bobinage EMG 60TW-R (manche) 1 micro double bobinage EMG 81 (chevalet)', 'Conditionnement (UVC)\r\n1 Pièce(s)\r\nForme\r\nFRX\r\nCouleur\r\nNoir\r\nCorps\r\nAulne\r\nTable d\'harmonie\r\nAucune\r\nManche\r\nErable\r\nTouche\r\nEbène\r\nFrettes\r\n24\r\nDiapason\r\n648 mm\r\nMicros\r\nHH\r\nMicros actifs\r\nOui\r\nVibrato\r\nFloyd Rose\r\nÉtui inclus\r\nOui\r\nHousse incluse\r\nNon', 0, 0.000, 54, 'E-II FRX BLKS.jpg', 'E-II FRX BLKS-1.jpg', 'E-II FRX BLKS-2.jpg'),
	(67, 41, 2, 'JS32 King V AH Gloss Black', 348, 'Corps en peuplier Manche 1 pièce vissé en érable renforcé de graphite Talon du manche en biseau "Scarf Joint" Largeur au sillet: 42,8 mm Touche en amarante Diapason: 648 mm 24 frettes Jumbo Repères "ailerons de requin" Perloïd blanc', 'Conditionnement (UVC)\r\n1 Pièce(s)\r\nForme\r\nStyle V\r\nCouleur\r\nNoir\r\nCorps\r\nPeuplier\r\nTable d\'harmonie\r\nAucune\r\nManche\r\nErable\r\nTouche\r\nAmarante\r\nFrettes\r\n24\r\nDiapason\r\n648 mm\r\nMicros\r\nHH\r\nMicros actifs\r\nNon\r\nVibrato\r\nStyle Floyd Rose\r\nÉtui inclus\r\nNon\r\nHousse incluse\r\nNon', 0, 0.020, 785, 'JS32 King V AH Gloss Black.jpg', 'JS32 King V AH Gloss Black-1.jpg', 'JS32 King V AH Gloss Black-2.jpg'),
	(68, 42, 14, 'Goodtime Banjo Starter Package', 639, 'Manche en érable Touche en érable 22 frettes Cercle en érable 3 plis Peau 11" sablée haut de gamme Chevalet en érable/ébène 16 tirants et coquilles', 'Conditionnement (UVC)\r\n1 Pièce(s)\r\nNombre de cordes\r\n5\r\nCorps\r\nErable\r\nManche\r\nErable\r\nFrettes\r\n22\r\nÉtui inclus\r\nNon\r\nHousse incluse\r\nNon\r\nMicro\r\nNon', 0, 0.050, 18, 'Goodtime Banjo Starter Package.jpg', 'Goodtime Banjo Starter Package-1.jpg', 'Goodtime Banjo Starter Package-2.jpg'),
	(69, 43, 14, 'F-6', 689, 'Table en épicéa Fond et éclisses en érable Manche en érable Profil du manche: Mince Touche en blackwood Repères "points" Barre de réglage (Truss Rod) double action Diapason: 378 mm (14 7/8") Largeur au sillet: 44,4 mm (1 3/4") Chevalet ajustable en ébène', 'Conditionnement (UVC)\r\n1 Pièce(s)\r\nType\r\nMandoline F\r\nCouleur\r\nSunburst\r\nCorps\r\nErable\r\nTable\r\nEpicéa\r\nManche\r\nErable\r\nLargeur au sillet en mm\r\n44.4\r\nMicro\r\nOui\r\nÉtui inclu\r\nOui\r\nHousse incluse\r\nNon\r\nDiapason\r\n378', 0, 0.000, 47, 'F-6.jpg', 'F-6-1.jpg', 'F-6-2.jpg'),
	(70, 44, 2, 'Fairytale Lapsteel Goldburst', 2260, 'Corps en acajou Manche en acajou Touche en aluminium noir Diapason: 650 mm Espacement des cordes: 54 mm Sillet à roulement en laiton Capodsatre "Easy-Shift" Multibender Duesenberg', 'Conditionnement (UVC)\r\n1 Pièce(s)', 0, 0.000, 57, 'Fairytale Lapsteel Goldburst.jpg', 'Fairytale Lapsteel Goldburst-1.jpg', 'Fairytale Lapsteel Goldburst-2.jpg'),
	(71, 45, 3, 'R71P-12-HMA Resonator', 985, 'Electro-acoustique Forme Parlor Simple cône 9,5" Corps en bronze de cloche Tête creuse Manche en sapele Touche en pin by Blackwood Tek 19 frettes en maillechort (12 frettes hors du corps) Largeur au sillet: 48 mm', 'Conditionnement (UVC)\r\n1 Pièce(s)\r\nCorps\r\nBronze\r\nTouche\r\nBlackwood\r\nForme du manche\r\nArrondi\r\nMicro\r\nOui\r\nLargeur au sillet en mm\r\n48,00 mm\r\nFrettes\r\n19\r\nCouleur\r\nAntique\r\nÉtui\r\nNon\r\nHousse incl.\r\nNon', 0, 0.000, 87, 'R71P-12-HMA Resonator.jpg', 'R71P-12-HMA Resonator-1.jpg', 'R71P-12-HMA Resonator-2.jpg'),
	(72, 46, 3, 'Luce 450 NS B-Stock', 258, 'Table en acajou massif Barrage Advanced en X sculpté (scallopé) Fond en acajou massif Eclisses en acajou Manche en acajou Touche en ovangkol 20 frettes', 'Forme\r\nFolk\r\nTable\r\nAcajou\r\nDos et éclisses\r\nAcajou\r\nPan coupé\r\nNon\r\nTouche\r\nOvangkol\r\nLargeur au sillet en mm\r\n43,00 mm\r\nMicro\r\nNon\r\nCouleur\r\nNaturel\r\nÉtui\r\nNon\r\nHousse incl.\r\nNon', 0, 0.000, 156, 'Luce 450 NS B-Stock.jpg', 'Luce 450 NS B-Stock-1.jpg', 'Luce 450 NS B-Stock-2.jpg'),
	(73, 19, 3, 'Traveler-E-Steel', 90, 'Taille Traveler Table en épicéa Fond et éclisses en acajou Manche en acajou Touche en Roseacer 18 frettes Diapason: 595 mm', 'Conditionnement (UVC)\r\n1 Pièce(s)\r\nFormat\r\nTravel Guitar\r\nTable d\'harmonie\r\nEpicéa\r\nDos et éclisses\r\nSapele\r\nPan coupé\r\nNon\r\nTouche\r\nRoseacer\r\nLargeur au sillet en mm\r\n42,00 mm\r\nFrettes\r\n18\r\nMicro\r\nOui\r\nCouleur\r\nNaturel\r\nÉtui\r\nNon\r\nHousse incl.\r\nOui', 0, 0.150, 666, 'Traveler-E-Steel.jpg', 'Traveler-E-Steel-1.jpg', 'Traveler-E-Steel-2.jpg'),
	(74, 47, 15, 'SL-1210 MK 7', 929, 'Boîtier en aluminium moulé sous pression Couple de démarrage et de freinage réglable Plage de réglage de la hauteur (pitch) : ±8%/±16% Fonction de lecture inversée Éclairage de l\'aiguille par LED', 'onditionnement (UVC)\r\n1 Pièce(s)\r\nEntraînement\r\nEntraînement direct\r\nBras\r\nEn S\r\nPort USB\r\nNon\r\nSortie ligne\r\nNon\r\nCouleur\r\nNoir\r\nCellule\r\nNon\r\nAutomatique\r\nNon\r\n78 UpM\r\nOui\r\nSens inverse\r\nOui', 0, 0.000, 12, 'SL-1210 MK 7.jpg', 'SL-1210 MK 7-1.jpg', 'SL-1210 MK 7-2.jpg'),
	(75, 48, 15, 'TRM-422', 689, 'Avec isolateur de fréquence master 3 bandes (avec caractéristique de kill) avec potentiomètres ALPS Filtre avec HPF, BPF, LPF et réglage de résonance et de balayage 4 canaux stéréo avec gain, EQ 3 bandes, LED d\'écrêtage', 'Conditionnement (UVC)\r\n1 Pièce(s)', 0, 0.000, 23, 'TRM-422.jpg', 'TRM-422-1.jpg', 'TRM-422-2.jpg'),
	(76, 49, 15, 'RC-505 MKII', 529, 'Format de bureau Pour la scène et le studio Idéale pour les artistes de boucle, les multi-instrumentistes, les chanteurs, etc. 5 pistes stéréo avec commandes séparées Convertisseur AN/NA - 32 bits / 44,1 kHz Alimentation fantôme', 'Conditionnement (UVC)\r\n1 Pièce(s)', 0, 0.000, 123, 'RC-505 MKII.jpg', 'RC-505 MKII-1.jpg', 'RC-505 MKII-2.jpg'),
	(77, 31, 18, 'HD-300 Pro', 175, 'Fermé Circum-auriculaire Impédance : 64 Ohm Niveau de pression acoustique nominal : 108 ±3 dB SPL / 1 V RMS / 1 kHz Réponse en fréquence : 6 - 25000 Hz Facteur de distorsion: < 0,1 % à 1 kHz Niveau de pression acoustique limite : 100 dB Puissance nominale', 'Conditionnement (UVC)\r\n1 Pièce(s)\r\nConception\r\nOver-Ear\r\nSystème\r\nFermé\r\nImpédance\r\n64 Ohm\r\nRéponse en fréquence\r\n6 Hz – 25000 Hz\r\nAdaptateur\r\nOui\r\nPoids\r\n297 g\r\nCâble remplaçable\r\nOui\r\nCouleur\r\nNoir', 0, 0.000, 745, 'HD-300 Pro.jpg', 'HD-300 Pro-1.jpg', 'HD-300 Pro-2.jpg'),
	(78, 50, 18, 'Pro Event Table II', 379, 'Table pliable et stable pour les DJs et autres applications, comme stand de vente, pour les techniciens de l\'éclairage et du son, etc. Peut être facilement démonté et est ensuite pliable Construction très légère en aluminium', 'Conditionnement (UVC)\r\n1 Pièce(s)', 0, 0.000, 45, 'Pro Event Table II.jpg', 'Pro Event Table II-1.jpg', 'Pro Event Table II-2.jpg'),
	(79, 51, 15, 'DJ SC Live 4 Case Bundle', 1555, 'Console Dj 4 canaux Ecran tactile multipoint 7" et streaming musical Wi-Fi Première intégration DJ au monde avec le service de streaming Amazon Music Unlimited Prise en charge Tidal, Beatport LINK, Beatsource LINK, Soundcloud Go+', 'Conditionnement (UVC)\r\n1 Pièce(s)\r\nType de contrôleur\r\nAll in one\r\nLogiciel incl.\r\nAucun\r\nEntrées micro\r\n2\r\nSortie Master\r\nXLR\r\nFonction mixeur autonome\r\nOui\r\nSupport mobile\r\nNon\r\nLecteur USB\r\nOui\r\nEntrées ligne stéréo\r\n4\r\n19\r\nNon', 0, 0.000, 123, 'DJ SC Live 4 Case Bundle.jpg', 'DJ SC Live 4 Case Bundle-1.jpg', 'DJ SC Live 4 Case Bundle-2.jpg'),
	(80, 52, 15, 'TR-8S', 666, 'Avec fonctionnalité étendue Technologie de modélisation ACB et importation/lecture d\'échantillons stéréo 300 samples préchargés Fente pour carte SD pour importation de samples mono/stéréo utilisateur (WAV ou AIFF)', 'Conditionnement (UVC)\r\n1 Pièce(s)\r\nÉcran\r\nOui\r\nPads\r\n16\r\nFaders\r\n11\r\nEffets\r\nOui\r\nFonction sampling\r\nOui\r\nType de mémoire\r\nCarte SD/SDHC\r\nInterface MIDI\r\n1 entrée, 1 sortie\r\nUSB\r\nOui\r\nNombre des sorties analogues\r\n8\r\nSortie casque\r\nOui\r\nExtras\r\nUSB Audio', 0, 0.000, 654, 'TR-8S.jpg', 'TR-8S-1.jpg', 'TR-8S-2.jpg'),
	(81, 53, 15, 'Maschine +', 1039, '16 pads sensibles à la vélocité Effets Maschine et plug-ins, swing, pad link, note repeat, step sequencer et émulation de sampler vintage Peut être utilisé seul ou en combinaison avec un ordinateur WiFi et Link Processeur quadri-cœur', 'Conditionnement (UVC)\r\n1 Pièce(s)\r\nMémoire interne\r\nOui\r\nType de mémoire\r\nMémoire flash\r\nFormats utilisables\r\nPropre format\r\nTime Stretching\r\nOui\r\nEffets\r\nOui\r\nPort USB\r\nOui\r\nInterface MIDI\r\n1 entrée, 1 sortie\r\nEntrées analogiques\r\n2\r\nSorties analogiques\r\n2\r\nSortie numérique\r\nNon\r\nÉcran\r\nOui\r\nSéquenceur\r\nOui', 0, 0.000, 753, 'Maschine +.jpg', 'Maschine +-1.jpg', 'Maschine +-2.jpg'),
	(82, 54, 15, 'Professional MPC Live II', 1069, 'Fonctionnement autonome Haut-parleur de monitoring intégré Batterie lithium-ion intégrée pour une utilisation mobile (jusqu\'à 5 heures de fonctionnement) Ecran Multi-Touch haute résolution de 7" 16 pads RGB sensibles à la vélocité', 'Conditionnement (UVC)\r\n1 Pièce(s)\r\nPolyphonie\r\n64\r\nMémoire interne\r\nOui\r\nType de mémoire\r\nDisque dur, carte SD\r\nFormats utilisables\r\nWAV\r\nTime Stretching\r\nOui\r\nEffets\r\nOui\r\nPort USB\r\nOui\r\nInterface MIDI\r\n2 entrées, 2 sorties\r\nEntrées analogiques\r\n4\r\nSorties analogiques\r\n6\r\nSortie numérique\r\nNon\r\nÉcran\r\nOui\r\nSéquenceur\r\nOui', 0, 0.000, 86, 'Professional MPC Live II.jpg', 'Professional MPC Live II-1.jpg', 'Professional MPC Live II-2.jpg'),
	(83, 32, 18, 'BLX14-B98 T11', 475, 'Système sans fil Série Beta Instrument Avec un émetteur de poche BLX1 et un micro à clip à condensateur Beta 98 H/C Réponse en fréquence: 20 Hz - 20 kHz Jusqu\'à 3 systèmes en parallèle Pilot tone', 'Conditionnement (UVC)\r\n1 Pièce(s)\r\nCanaux instrument/microphone\r\n1\r\nTechnologie de transmission\r\nAnalogique\r\nFréquence\r\n863 MHz – 865 MHz\r\nType de récepteur\r\nStationnaire\r\nAffichage de fréquence\r\nOui\r\nAntenne amovible\r\nNon\r\nBatterie d\'émetteur\r\nNon\r\nSystème de charge\r\nNon', 0, 0.000, NULL, 'BLX14-B98 T11.jpg', 'BLX14-B98 T11-1.jpg', 'BLX14-B98 T11-2.jpg'),
	(84, 55, 17, 'GrandMeister Deluxe 40', 1049, 'Tête d\'ampli guitare Tout lampe Puissance: 40 Watt 4 canaux: Clean, Crunch, Lead, Ultra Contrôle Smart-Rotary: Capacité de stockage de tous les paramètres de réglage Atténuateur de puissance commutable: 20 / 5 / 1 / 0 Watt', 'Conditionnement (UVC)\r\n1 Pièce(s)\r\nPuissance\r\n40 W\r\nLampes de puissance\r\nEL84\r\nCanaux\r\n4\r\nRéverbération\r\nOui\r\nFootswitch\r\nNon', 0, 0.020, 755, 'GrandMeister Deluxe 40.jpg', 'GrandMeister Deluxe 40-1.jpg', 'GrandMeister Deluxe 40-2.jpg'),
	(85, 56, 17, 'PPC412 Slope', 1049, 'Baflle guitare Signature Andy Dunlop Pan coupé 4 haut-parleurs 12" Celestion Vintage Puissance: 240 Watt sous 16 Ohm Dimensions: 780 x 740 x 380 mm', 'Conditionnement (UVC)\r\n1 Pièce(s)\r\nPuissance admissible\r\n240 W\r\nImpédance\r\n16\r\nStéréo\r\nNon\r\nPan coupé\r\nOui\r\nPoids\r\n45,0 kg', 0, 0.000, 34, 'PPC412 Slope.jpg', 'PPC412 Slope-1.jpg', 'PPC412 Slope-2.jpg'),
	(86, 57, 17, 'MG50GFX', 279, 'Combo guitare Puissance: 50 Watt 4 canaux analogique entièrement programmables 1 haut-parleur 12" 2 effets utilisables simultanément: Réverbération combinable avec un autre effet tel qu\'un Chorus, Flanger, Phaser, Octaver, Vibrato et Delay', 'onditionnement (UVC)\r\n1 Pièce(s)\r\nPuissance\r\n50 W\r\nHaut-parleurs\r\n1 x 12"\r\nCanaux\r\n4\r\nRéverbération\r\nOui\r\nProcesseur d\'effets\r\nOui\r\nBoucle d\'effets externe\r\nNon\r\nEntrée ligne\r\nOui\r\nSortie ligne enregistrement\r\nOui\r\nInterface MIDI\r\nNon\r\nSortie pour baffle externe\r\nNon\r\nSortie casque\r\nOui\r\nConnexion pour pédale\r\nOui\r\nPédalier incl.\r\nOui\r\nPoids\r\n16,6 kg', 0, 0.000, 784, 'MG50GFX.jpg', 'MG50GFX-1.jpg', 'MG50GFX-2.jpg'),
	(87, 58, 17, 'SB 50 BA Mini Half Stack', 399, 'Amplificateur compact - Mini-Half Stack pour basse électrique Tête et baffle avec le design culte des années 60 Puissance : 50 Watts Équipement : haut-parleur 8" dans un boîtier Bass-Reflex Technologie Nutube Égaliseur 4 bandes', 'Conditionnement (UVC)\r\n1 Pièce(s)\r\nPuissance\r\n50 W\r\nÉgaliseur\r\n4 bandes\r\nCompresseur/Limiteur\r\nOui\r\nBoucle d\'effets\r\nOui\r\nSortie directe\r\nOui\r\nSortie accordeur\r\nOui\r\nFullstack\r\nNon', 0, 0.000, 78, 'SB 50 BA Mini Half Stack.jpg', 'SB 50 BA Mini Half Stack-1.jpg', 'SB 50 BA Mini Half Stack-2.jpg'),
	(88, 41, 2, 'DKMG', 1000, 'Cette guitare est équipée d’EMG 81/85. Ces micros sont une référence dans l’histoire du rock/metal, si vous voulez le son trash metal, un son bien précis et tranchant, c’est parfait.  Le EMG85 sonne très bien pour les parties clean', 'Corps:	\r\nAulne\r\n\r\nManche:	\r\nErable\r\n\r\nTouche:	\r\nPalissandre\r\n\r\nMécaniques:	\r\nJackson\r\n\r\nDiapason:	\r\n25.50\r\n\r\nEpaisseur du sillet:	\r\n43\r\n\r\nFrettes:	\r\n24 Jumbo\r\n\r\nMicros:	\r\nEMG85/81\r\n\r\nContrôles:	\r\n1 volume, 1 tonalité, sélecteur à 3 positions\r\n\r\nChevalet:	\r\nFloyd Rose sous licence', 0, 0.250, 6665, 'DKMG.jpg', 'DKMG-1.jpg', 'DKMG-2.jpg'),
	(89, 52, 18, 'FC-300 Bundle', 454, 'Roland FC-300 Pédalier de contrôle MIDI 2 pédales d\'expression et 2 contrôleurs Châssis métal ultra-solide 2 commutateurs d\'ampli pour contrôler les canaux d\'amplis ou effets Connexions: Adaptateur secteur (DC IN)', 'Conditionnement (UVC)\r\n1 Pièce(s)', 0, 0.000, 48, 'FC-300 Bundle.jpg', 'FC-300 Bundle-1.jpg', 'FC-300 Bundle-2.jpg'),
	(90, 19, 5, 'HB-60 WB', 248, '4 cordes Série Vintage Semi-Hollow Corps en érable Table bombée Manche collé en érable canadien Profil du manche en C Touche en amarante', 'Conditionnement (UVC)\r\n1 Pièce(s)\r\nCouleur\r\nMarron\r\nCorps\r\nErable\r\nManche\r\nErable\r\nTouche\r\nAmarante\r\nFrettes\r\n22\r\nDiapason\r\nShort scale\r\nMicros\r\nHH\r\nElectronique\r\nPassif\r\nÉtui inclus\r\nNon\r\nHousse incluse\r\nNon', 0, 0.000, NULL, 'HB-60 WB.jpg', 'HB-60 WB-1.jpg', 'HB-60 WB-2.jpg'),
	(91, 2, 5, 'AFB200-TKS B-Stock', 575, 'Basse électro-acoustique 4 cordes Corps en tilleul Manche 3 pièces en érable/acajou Touche en laurier Repères blancs Filet de touche Diapason: 770 mm', 'Conditionnement (UVC)\r\n1 Pièce(s)\r\nCouleur\r\nNoir\r\nTable\r\nErable\r\nDos et éclisses\r\nTilleul\r\nManche\r\nErable, acajou\r\nTouche\r\nLaurier\r\nFrettes\r\n22\r\nDiapason\r\nShort scale\r\nMicros\r\nHH\r\nÉtui inclus\r\nNon\r\nHousse incluse\r\nNon', 0, 0.000, 78, 'AFB200-TKS B-Stock.jpg', 'AFB200-TKS B-Stock-1.jpg', 'AFB200-TKS B-Stock-2.jpg'),
	(92, 40, 6, 'LTD F-1004', 1799, '4 cordes Corps en ébène Table en érable flammé Manche traversant 5 pièces en érable/amarante Touche en ébène Profil du manche: U extra mince Diapason: 889 mm (35") Rayon de la touche: 400 mm (15,75") Largeur au sillet: 40 mm (1,57")', 'Couleur\r\nSee Thru Black Cherry\r\nCorps\r\nEbène\r\nManche\r\nErable, amarante\r\nTouche\r\nEbène\r\nFrettes\r\n24\r\nDiapason\r\nLong Scale\r\nMicros\r\nHH\r\nÉlectronique\r\nActive\r\nÉtui inclu\r\nNon\r\nHousse incluse\r\nNon', 0, 0.000, 78, 'LTD F-1004.jpg', 'LTD F-1004-1.jpg', 'LTD F-1004-2.jpg'),
	(93, 2, 6, 'EHB1506MS-BIF', 1666, '6 cordes Corps en acajou Table en peuplier veiné Manche 9 pièces vissé en panga-panga/noyer Touche en panga-panga Repères "points décalés" en abalone Diapason: 825,58 - 889 mm (32,5" - 35") Rayon de la touche: 950 mm (37,40")', 'Conditionnement (UVC)\r\n1 Pièce(s)\r\nForme\r\nEHB\r\nCouleur\r\nGris\r\nCorps\r\nAcajou\r\nManche\r\nPanpa-panga, noyer\r\nTouche\r\nPanga-panga\r\nFrettes\r\n24\r\nDiapason\r\nAutre\r\nMicros\r\nJJ\r\nÉlectronique\r\nActif, passif\r\nÉtui inclus\r\nNon\r\nHousse incluse\r\nOui', 0, 0.000, 98, 'EHB1506MS-BIF.jpg', 'EHB1506MS-BIF-1.jpg', 'EHB1506MS-BIF-2.jpg'),
	(94, 59, 6, 'CB3 Combustion 6 Black BR PF', 2666, 'Basse électrique multi-diapason 6 cordes Corps en frêne des marais Table en érable moucheté Manche vissé en érable Touche en pau ferro Profil du manche: Medium Thin C', 'Conditionnement (UVC)\r\n1 Pièce(s)\r\nForme\r\nDouble pan coupé\r\nCouleur\r\nBlack Burst\r\nCorps\r\nFrêne des marais\r\nManche\r\nErable\r\nTouche\r\nPau ferro\r\nFrettes\r\n24\r\nDiapason\r\nFrettes en éventail\r\nMicros\r\nHHH\r\nÉlectronique\r\nActif, passif\r\nÉtui inclus\r\nNon\r\nHousse incluse\r\nOui', 0, 0.000, 72, 'CB3 Combustion 6 Black BR PF.jpg', 'CB3 Combustion 6 Black BR PF-1.jpg', 'CB3 Combustion 6 Black BR PF-2.jpg'),
	(95, 60, 6, 'Geddy Lee Jazz Bass BK', 1259, '4 cordes Signature Geddy Lee (Rush) Corps en aulne Manche en érable Profil du manche: Jazz Bass des années 70 Touche en érable 2 micros simple bobinage Vintage Jazz Bass Chevalet Geddy Lee High Mass', 'Conditionnement (UVC)\r\n1 Pièce(s)\r\nCouleur\r\nNoir\r\nCorps\r\nAulne\r\nManche\r\nErable\r\nTouche\r\nErable\r\nFrettes\r\n20\r\nDiapason\r\nDiapason long\r\nMicros\r\nJJ\r\nElectronique\r\nPassive\r\nEtui inclus\r\nNon\r\nEtui inclus\r\nOui', 0, 0.000, 42, 'Geddy Lee Jazz Bass BK.jpg', 'Geddy Lee Jazz Bass BK-1.jpg', 'Geddy Lee Jazz Bass BK-2.jpg'),
	(96, 2, 6, 'SR300E-SVM', 349, '4 cordes Corps en nyatoh Manche 5 pièces en érable/noyer Touche en jatoba Repères blancs Diapason: 864 mm (34")', 'Conditionnement (UVC)\r\n1 Pièce(s)\r\nCouleur\r\nBleu\r\nCorps\r\nNyatoh\r\nManche\r\nErable, noyer\r\nTouche\r\nJatoba\r\nFrettes\r\n24\r\nDiapason\r\nLong scale\r\nMicros\r\nHH\r\nElectronique\r\nActif\r\nÉtui inclus\r\nNon\r\nHousse incluse\r\nNon', 0, 0.150, 98, 'SR300E-SVM.jpg', 'SR300E-SVM-1.jpg', 'SR300E-SVM-2.jpg'),
	(97, 61, 19, 'Cask-Puncheon', 245, '4 cordes Forme de boîte à cigares Table en épicéa Fond et éclisses en épicéa Manche en acajou Touche en ovangkol Diapason: 600 mm', 'Conditionnement (UVC)\r\n1 Pièce(s)', 0, 0.000, 84, 'Cask-Puncheon.jpg', 'Cask-Puncheon-1.jpg', 'Cask-Puncheon-2.jpg'),
	(98, 62, 19, 'The Blues Box Guitar Kit', 38, 'Construisez votre propre guitare en forme de boîte à cigares et apprenez à jouer Ce kit contient toutes les pièces dont vous avez besoin pour assembler la guitare Blues Box "Cigar Box" en carton enduit Manche avec marquage des frettes', 'Conditionnement (UVC)\r\n1 Pièce(s)\r\nType\r\nBlues Box\r\nDécoration/accessoires pour la maison\r\nNon\r\nCalendrier\r\nNon\r\nJouet\r\nNon\r\nEtuis\r\nNon\r\nPapeterie\r\nNon\r\nInstruments miniatures\r\nNon\r\nMénage\r\nNon', 0, 0.000, 875, 'The Blues Box Guitar Kit.jpg', 'The Blues Box Guitar Kit-1.jpg', 'The Blues Box Guitar Kit-2.jpg'),
	(99, 63, 19, 'OS21C-QTBL Autoharp', 935, 'Autoharpe Table en érable moucheté Fond en érable 21 accords Système d\'accordage fin FT600 Electronique passive et micro Couleur: Transparent Blue', 'Conditionnement (UVC)\r\n1 Pièce(s)', 0, 0.000, 841, 'OS21C-QTBL Autoharp.jpg', 'OS21C-QTBL Autoharp-1.jpg', 'OS21C-QTBL Autoharp-2.jpg'),
	(100, 64, 14, 'Multi Oud Encore Nylon', 1990, 'Oud 11 cordes Accordage: Fa, La, Ré, Sol, Do, Fa Corps en tilleul Table en cèdre massif Manche en acajou Touche en palissandre Sillet Graph Tech Largeur au sillet: 40,6 mm (1,6")', 'Conditionnement (UVC)\r\n1 Pièce(s)', 0, 0.000, 45, 'Multi Oud Encore Nylon.jpg', 'Multi Oud Encore Nylon-1.jpg', 'Multi Oud Encore Nylon-2.jpg'),
	(101, 65, 19, 'M4 Mahagoni', 265, 'Instrument acoustique diatonique 4 cordes Table en acajou massif Corps en érable de montagne Manche en érable de montagne Diapason: 527 mm (20,75")', 'Conditionnement (UVC)\r\n1 Pièce(s)', 0, 0.000, 15, 'M4 Mahagoni.jpg', 'M4 Mahagoni-1.jpg', 'M4 Mahagoni-2.jpg');

-- Listage des données de la table MUSE.rememberme_token : ~0 rows (environ)

-- Listage des données de la table MUSE.reset_password_request : ~0 rows (environ)

-- Listage des données de la table MUSE.supplier : ~0 rows (environ)
INSERT INTO `supplier` (`id`, `name`) VALUES
	(1, 'Höfner'),
	(2, 'Ibanez'),
	(3, 'Marcus Miller'),
	(4, 'Music Man'),
	(5, 'Warwick'),
	(6, 'LP'),
	(7, 'Millenium'),
	(8, 'Pearl'),
	(9, 'Sonor'),
	(10, 'Toca'),
	(11, 'Clavia'),
	(12, 'Viscount'),
	(13, 'Yamaha'),
	(14, 'Cordoba'),
	(15, 'Ovation'),
	(16, 'Richwood'),
	(17, 'Gibson'),
	(18, 'Gretsch'),
	(19, 'Harley Benton'),
	(20, 'Melton'),
	(21, 'Ocarinamus'),
	(22, 'Thomann'),
	(23, 'Gewa'),
	(24, 'Ns Design'),
	(25, 'Salvi'),
	(26, 'Scala'),
	(27, 'Hercules'),
	(28, 'The T.Mix'),
	(29, 'Neumann'),
	(30, 'Rode'),
	(31, 'Sennheiser'),
	(32, 'Shure'),
	(33, 'Bose'),
	(34, 'LD Systems'),
	(35, 'Takamine'),
	(36, 'The Sssnake'),
	(37, 'Ernie Ball'),
	(38, 'GHS'),
	(39, 'Epiphone'),
	(40, 'ESP'),
	(41, 'Jackson'),
	(42, 'Deering'),
	(43, 'Gold Tone'),
	(44, 'Duesenberg'),
	(45, 'Baton Rouge'),
	(46, 'Cort'),
	(47, 'Technics'),
	(48, 'Omnitronic'),
	(49, 'Boss'),
	(50, 'ADJ'),
	(51, 'Denon'),
	(52, 'Roland'),
	(53, 'Native Instruments'),
	(54, 'Akai'),
	(55, 'Hughes&Kettner'),
	(56, 'Orange'),
	(57, 'Marshall'),
	(58, 'Vox'),
	(59, 'Dingwall'),
	(60, 'Fender'),
	(61, 'James Neligan'),
	(62, 'Hinkler Books'),
	(63, 'Oscar Schmidt'),
	(64, 'Godin'),
	(65, 'Seagull');

-- Listage des données de la table MUSE.user : ~7 rows (environ)
INSERT INTO `user` (`id`, `email`, `roles`, `password`, `user_name`, `user_lastname`, `birthdate`, `phone_number`, `verified`, `register_date`, `vat`, `pro`, `pro_company_name`, `pro_duns`, `pro_job_position`, `agree_terms`) VALUES
	(1, 'admin@muse.com', '["ROLE_ADMIN","ROLE_SALES","ROLE_SHIP","ROLE_PRO","ROLE_CLIENT","ROLE_USER"]', '$2y$13$ccySVe3LypY0lq.nZKB1ROQbpKUXCH2fmueDtSsTI.GebmJUmWfkG', 'admin', 'admin', '2022-12-12 00:00:00', '0999999999', 1, '2022-12-12 00:00:00', 0.10, 1, NULL, NULL, NULL, 1),
	(2, 'sales@muse.com', '["ROLE_SALES","ROLE_SHIP","ROLE_PRO","ROLE_CLIENT","ROLE_USER"]', '$2y$13$tvAgwTJWbvYBUOpiyYzXyOsBg4X1jZocwCq5AichRjsHmACQxro3S', 'sales', 'sales', '2022-12-12 00:00:00', '0999999999', 1, '2022-12-12 00:00:00', 0.10, 1, NULL, NULL, NULL, 1),
	(3, 'ship@muse.com', '["ROLE_SHIP","ROLE_PRO","ROLE_CLIENT","ROLE_USER"]', '$2y$13$wZto0kfDzPviiOga/q5a2uKPXxFZ9G0hOmPKZFlMpvNPcGfd059Iu', 'ship', 'ship', '2022-12-12 00:00:00', '0999999999', 1, '2022-12-12 00:00:00', 0.10, 1, NULL, NULL, NULL, 1),
	(4, 'pro@muse.com', '["ROLE_PRO","ROLE_CLIENT","ROLE_USER"]', '$2y$13$qFENhSxKWFGae4l/tAApe.bttMTnQatCgEhdpXhFxFW1nUhONYJxe', 'pro', 'pro', '2022-12-12 00:00:00', '0999999999', 1, '2022-12-12 00:00:00', 0.10, 1, NULL, NULL, NULL, 1),
	(5, 'client@muse.com', '["ROLE_CLIENT","ROLE_USER"]', '$2y$13$b8Nnv9pJpEbCSFMYlB6Dw.PUIg.9dMSXvTFjIe1BN3G1MmpQ6Gine', 'client', 'client', '2022-12-12 00:00:00', '0999999999', 1, '2022-12-12 00:00:00', 0.20, 0, NULL, NULL, NULL, 1),
	(6, '123@123.com', '["ROLE_CLIENT","ROLE_USER"]', '$2y$13$aXlVF7hE8rT.1tjmUF3eXe2PdoI8j3/YoOkWaI5MrzvF.I.1Hvs/O', 'po', 'po', '2022-11-17 00:00:00', '0999999999', 1, '2022-11-30 10:20:51', 0.20, 0, NULL, NULL, NULL, 1),
	(9, 'client@client.com', '["ROLE_CLIENT","ROLE_USER"]', '$2y$13$jnHByAAmk7kbw9344XaeVeZuiKNsrDhgmcSSCed1ue/5Oz3EwhV0q', 'Jean-Michel', 'De la Rue', '2022-11-13 00:00:00', '0999999999', 0, '2022-11-30 11:34:43', 0.20, 0, NULL, NULL, NULL, 1);

/*!40103 SET TIME_ZONE=IFNULL(@OLD_TIME_ZONE, 'system') */;
/*!40101 SET SQL_MODE=IFNULL(@OLD_SQL_MODE, '') */;
/*!40014 SET FOREIGN_KEY_CHECKS=IFNULL(@OLD_FOREIGN_KEY_CHECKS, 1) */;
/*!40101 SET CHARACTER_SET_CLIENT=@OLD_CHARACTER_SET_CLIENT */;
/*!40111 SET SQL_NOTES=IFNULL(@OLD_SQL_NOTES, 1) */;
